--  users (students)
INSERT INTO users (user_id, first_name, last_name, email, role, account_status) VALUES
  ('S001','Fiona','Smith','fiona.smith@university.edu','STUDENT','ACTIVE'),
  ('S002','George','Wilson','george.wilson@university.edu','STUDENT','ACTIVE'),
  ('S003','Ivan','Wilson','ivan.wilson@university.edu','STUDENT','ACTIVE'),
  ('S004','Ivan','Chen','ivan.chen@university.edu','STUDENT','ACTIVE'),
  ('S005','Bob','Smith','bob.smith@university.edu','STUDENT','ACTIVE'),
  ('S006','Quinn','Chen','quinn.chen@university.edu','STUDENT','ACTIVE'),
  ('S007','Oscar','Smith','oscar.smith@university.edu','STUDENT','ACTIVE'),
  ('S008','Bob','Chen','bob.chen@university.edu','STUDENT','ACTIVE'),
  ('S009','Rachel','Davis','rachel.davis@university.edu','STUDENT','ACTIVE'),
  ('S010','Charlie','Miller','charlie.miller@university.edu','STUDENT','ACTIVE'),
  ('S011','Charlie','Brown','charlie.brown@university.edu','STUDENT','ACTIVE'),
  ('S012','Quinn','Chen','quinn.chen@university.edu','STUDENT','ACTIVE'),
  ('S013','Ivan','Lee','ivan.lee@university.edu','STUDENT','ACTIVE'),
  ('S014','Diana','Brown','diana.brown@university.edu','STUDENT','ACTIVE'),
  ('S015','Alice','Wilson','alice.wilson@university.edu','STUDENT','ACTIVE'),
  ('S016','Bob','Smith','bob.smith@university.edu','STUDENT','ACTIVE'),
  ('S017','Alice','Johnson','alice.johnson@university.edu','STUDENT','ACTIVE'),
  ('S018','Julia','Davis','julia.davis@university.edu','STUDENT','ACTIVE'),
  ('S019','Nina','Miller','nina.miller@university.edu','STUDENT','ACTIVE'),
  ('S020','Rachel','Miller','rachel.miller@university.edu','STUDENT','ACTIVE'),
  ('S021','Rachel','Miller','rachel.miller@university.edu','STUDENT','ACTIVE'),
  ('S022','Ivan','Smith','ivan.smith@university.edu','STUDENT','ACTIVE'),
  ('S023','Nina','Taylor','nina.taylor@university.edu','STUDENT','ACTIVE'),
  ('S024','Quinn','Brown','quinn.brown@university.edu','STUDENT','ACTIVE'),
  ('S025','Paula','Taylor','paula.taylor@university.edu','STUDENT','ACTIVE'),
  ('S026','Fiona','Lee','fiona.lee@university.edu','STUDENT','ACTIVE'),
  ('S027','Michael','Wilson','michael.wilson@university.edu','STUDENT','ACTIVE'),
  ('S028','Laura','Lee','laura.lee@university.edu','STUDENT','ACTIVE'),
  ('S029','Tina','Kumar','tina.kumar@university.edu','STUDENT','ACTIVE'),
  ('S030','Quinn','Wilson','quinn.wilson@university.edu','STUDENT','ACTIVE'),
  ('S031','Alice','Brown','alice.brown@university.edu','STUDENT','ACTIVE'),
  ('S032','Paula','Kumar','paula.kumar@university.edu','STUDENT','ACTIVE'),
  ('S033','Fiona','Chen','fiona.chen@university.edu','STUDENT','ACTIVE'),
  ('S034','Rachel','Taylor','rachel.taylor@university.edu','STUDENT','ACTIVE'),
  ('S035','Quinn','Brown','quinn.brown@university.edu','STUDENT','ACTIVE'),
  ('S036','Paula','Miller','paula.miller@university.edu','STUDENT','ACTIVE'),
  ('S037','Sam','Chen','sam.chen@university.edu','STUDENT','ACTIVE'),
  ('S038','Bob','Chen','bob.chen@university.edu','STUDENT','ACTIVE'),
  ('S039','Rachel','Miller','rachel.miller@university.edu','STUDENT','ACTIVE'),
  ('S040','Quinn','Smith','quinn.smith@university.edu','STUDENT','ACTIVE'),
  ('S041','Diana','Chen','diana.chen@university.edu','STUDENT','ACTIVE'),
  ('S042','Alice','Smith','alice.smith@university.edu','STUDENT','ACTIVE'),
  ('S043','Ivan','Chen','ivan.chen@university.edu','STUDENT','ACTIVE'),
  ('S044','Tina','Miller','tina.miller@university.edu','STUDENT','ACTIVE'),
  ('S045','Diana','Taylor','diana.taylor@university.edu','STUDENT','ACTIVE'),
  ('S046','Ethan','Lee','ethan.lee@university.edu','STUDENT','ACTIVE'),
  ('S047','Bob','Lee','bob.lee@university.edu','STUDENT','ACTIVE'),
  ('S048','Bob','Smith','bob.smith@university.edu','STUDENT','ACTIVE'),
  ('S049','Alice','Kumar','alice.kumar@university.edu','STUDENT','ACTIVE'),
  ('S050','Ethan','Lee','ethan.lee@university.edu','STUDENT','ACTIVE'),
  ('S051','Fiona','Kumar','fiona.kumar@university.edu','STUDENT','ACTIVE'),
  ('S052','Nina','Miller','nina.miller@university.edu','STUDENT','ACTIVE'),
  ('S053','George','Smith','george.smith@university.edu','STUDENT','ACTIVE'),
  ('S054','Rachel','Smith','rachel.smith@university.edu','STUDENT','ACTIVE'),
  ('S055','Ivan','Lee','ivan.lee@university.edu','STUDENT','ACTIVE'),
  ('S056','Michael','Chen','michael.chen@university.edu','STUDENT','ACTIVE'),
  ('S057','Fiona','Davis','fiona.davis@university.edu','STUDENT','ACTIVE'),
  ('S058','Ivan','Smith','ivan.smith@university.edu','STUDENT','ACTIVE'),
  ('S059','Oscar','Lee','oscar.lee@university.edu','STUDENT','ACTIVE'),
  ('S060','Diana','Wilson','diana.wilson@university.edu','STUDENT','ACTIVE'),
  ('S061','Kevin','Wilson','kevin.wilson@university.edu','STUDENT','ACTIVE'),
  ('S062','Julia','Davis','julia.davis@university.edu','STUDENT','ACTIVE'),
  ('S063','Bob','Taylor','bob.taylor@university.edu','STUDENT','ACTIVE'),
  ('S064','Kevin','Lee','kevin.lee@university.edu','STUDENT','ACTIVE'),
  ('S065','Bob','Taylor','bob.taylor@university.edu','STUDENT','ACTIVE'),
  ('S066','Michael','Johnson','michael.johnson@university.edu','STUDENT','ACTIVE'),
  ('S067','Ivan','Miller','ivan.miller@university.edu','STUDENT','ACTIVE'),
  ('S068','Hannah','Kumar','hannah.kumar@university.edu','STUDENT','ACTIVE'),
  ('S069','Quinn','Smith','quinn.smith@university.edu','STUDENT','ACTIVE'),
  ('S070','George','Brown','george.brown@university.edu','STUDENT','ACTIVE'),
  ('S071','Fiona','Taylor','fiona.taylor@university.edu','STUDENT','ACTIVE'),
  ('S072','Michael','Taylor','michael.taylor@university.edu','STUDENT','ACTIVE'),
  ('S073','Bob','Smith','bob.smith@university.edu','STUDENT','ACTIVE'),
  ('S074','Quinn','Kumar','quinn.kumar@university.edu','STUDENT','ACTIVE'),
  ('S075','Diana','Lee','diana.lee@university.edu','STUDENT','ACTIVE'),
  ('S076','Diana','Wilson','diana.wilson@university.edu','STUDENT','ACTIVE'),
  ('S077','Tina','Brown','tina.brown@university.edu','STUDENT','ACTIVE'),
  ('S078','Rachel','Davis','rachel.davis@university.edu','STUDENT','ACTIVE'),
  ('S079','Paula','Smith','paula.smith@university.edu','STUDENT','ACTIVE'),
  ('S080','Michael','Lee','michael.lee@university.edu','STUDENT','ACTIVE'),
  ('S081','Bob','Chen','bob.chen@university.edu','STUDENT','ACTIVE'),
  ('S082','Quinn','Kumar','quinn.kumar@university.edu','STUDENT','ACTIVE'),
  ('S083','Charlie','Brown','charlie.brown@university.edu','STUDENT','ACTIVE'),
  ('S084','Julia','Davis','julia.davis@university.edu','STUDENT','ACTIVE'),
  ('S085','Quinn','Lee','quinn.lee@university.edu','STUDENT','ACTIVE'),
  ('S086','Laura','Taylor','laura.taylor@university.edu','STUDENT','ACTIVE'),
  ('S087','Diana','Miller','diana.miller@university.edu','STUDENT','ACTIVE'),
  ('S088','Quinn','Miller','quinn.miller@university.edu','STUDENT','ACTIVE'),
  ('S089','Alice','Chen','alice.chen@university.edu','STUDENT','ACTIVE'),
  ('S090','Quinn','Lee','quinn.lee@university.edu','STUDENT','ACTIVE'),
  ('S091','Rachel','Miller','rachel.miller@university.edu','STUDENT','ACTIVE'),
  ('S092','Hannah','Smith','hannah.smith@university.edu','STUDENT','ACTIVE'),
  ('S093','Kevin','Brown','kevin.brown@university.edu','STUDENT','ACTIVE'),
  ('S094','Sam','Chen','sam.chen@university.edu','STUDENT','ACTIVE'),
  ('S095','Tina','Smith','tina.smith@university.edu','STUDENT','ACTIVE'),
  ('S096','Laura','Kumar','laura.kumar@university.edu','STUDENT','ACTIVE'),
  ('S097','Charlie','Chen','charlie.chen@university.edu','STUDENT','ACTIVE'),
  ('S098','Quinn','Johnson','quinn.johnson@university.edu','STUDENT','ACTIVE'),
  ('S099','Julia','Lee','julia.lee@university.edu','STUDENT','ACTIVE'),
  ('S100','Hannah','Taylor','hannah.taylor@university.edu','STUDENT','ACTIVE');

-- users (instructors + admin)
INSERT INTO users (user_id, first_name, last_name, email, role, account_status) VALUES
  ('I001','Dr.','Brown','brown@university.edu','INSTRUCTOR','ACTIVE'),
  ('I002','Dr.','Johnson','johnson@university.edu','INSTRUCTOR','ACTIVE'),
  ('I003','Dr.','Kumar','kumar@university.edu','INSTRUCTOR','ACTIVE'),
  ('I004','Dr.','Lee','lee@university.edu','INSTRUCTOR','ACTIVE'),
  ('I005','Dr.','Miller','miller@university.edu','INSTRUCTOR','ACTIVE'),
  ('I006','Prof.','Chen','chen@university.edu','INSTRUCTOR','ACTIVE'),
  ('I007','Prof.','Davis','davis@university.edu','INSTRUCTOR','ACTIVE'),
  ('I008','Prof.','Smith','smith@university.edu','INSTRUCTOR','ACTIVE'),
  ('ADM1','Admin','System','admin@university.edu','ADMINISTRATOR','ACTIVE');

-- students
INSERT INTO students (user_id, program, current_level, current_semester, cgpa, recovery_status, recovery_plan_detail, advisor_email) VALUES
  ('S001','Bachelor of Computer Science',400,'SEM1 2024/2025',3.0986,'NOT_STARTED',NULL,'brown@university.edu'),
  ('S002','Bachelor of Arts (Literature)',200,'SEM1 2024/2025',1.5625,'IN_PROGRESS','Phase 1: Attend all remedial sessions and complete outstanding assessments.\nPhase 2: Re-sit failed examinations under advisor supervision.','brown@university.edu'),
  ('S003','Bachelor of Mathematics',400,'SEM1 2024/2025',2.1876,'NOT_STARTED',NULL,'brown@university.edu'),
  ('S004','Bachelor of Arts (Philosophy)',400,'SEM1 2024/2025',2.0580,'NOT_STARTED',NULL,'brown@university.edu'),
  ('S005','Bachelor of Statistics',200,'SEM1 2024/2025',3.3412,'NOT_STARTED',NULL,'brown@university.edu'),
  ('S006','Bachelor of Engineering',100,'SEM1 2024/2025',3.1917,'NOT_STARTED',NULL,'brown@university.edu'),
  ('S007','Bachelor of Arts (Philosophy)',200,'SEM1 2024/2025',3.7304,'NOT_STARTED',NULL,'brown@university.edu'),
  ('S008','Bachelor of Engineering',100,'SEM1 2024/2025',1.7173,'IN_PROGRESS','Phase 1: Attend all remedial sessions and complete outstanding assessments.\nPhase 2: Re-sit failed examinations under advisor supervision.','brown@university.edu'),
  ('S009','Bachelor of Science (Physics)',300,'SEM2 2023/2024',2.5548,'NOT_STARTED',NULL,'brown@university.edu'),
  ('S010','Bachelor of Computer Science',100,'SEM1 2024/2025',1.5745,'IN_PROGRESS','Phase 1: Attend all remedial sessions and complete outstanding assessments.\nPhase 2: Re-sit failed examinations under advisor supervision.','brown@university.edu'),
  ('S011','Bachelor of Engineering',300,'SEM2 2023/2024',2.0466,'NOT_STARTED',NULL,'brown@university.edu'),
  ('S012','Bachelor of Engineering',200,'SEM1 2024/2025',2.7634,'NOT_STARTED',NULL,'brown@university.edu'),
  ('S013','Bachelor of Engineering',300,'SEM2 2023/2024',1.5663,'IN_PROGRESS','Phase 1: Attend all remedial sessions and complete outstanding assessments.\nPhase 2: Re-sit failed examinations under advisor supervision.','brown@university.edu'),
  ('S014','Bachelor of Economics',100,'SEM1 2024/2025',1.9971,'IN_PROGRESS','Phase 1: Attend all remedial sessions and complete outstanding assessments.\nPhase 2: Re-sit failed examinations under advisor supervision.','brown@university.edu'),
  ('S015','Bachelor of Engineering',100,'SEM1 2024/2025',3.1247,'NOT_STARTED',NULL,'brown@university.edu'),
  ('S016','Bachelor of Arts (History)',200,'SEM1 2024/2025',2.8624,'NOT_STARTED',NULL,'brown@university.edu'),
  ('S017','Bachelor of Arts (Philosophy)',200,'SEM1 2024/2025',2.0511,'NOT_STARTED',NULL,'brown@university.edu'),
  ('S018','Bachelor of Mathematics',300,'SEM2 2023/2024',2.9732,'NOT_STARTED',NULL,'brown@university.edu'),
  ('S019','Bachelor of Arts (History)',300,'SEM2 2023/2024',3.5236,'NOT_STARTED',NULL,'brown@university.edu'),
  ('S020','Bachelor of Science (Biology)',300,'SEM2 2023/2024',1.5162,'IN_PROGRESS','Phase 1: Attend all remedial sessions and complete outstanding assessments.\nPhase 2: Re-sit failed examinations under advisor supervision.','brown@university.edu'),
  ('S021','Bachelor of Arts (History)',100,'SEM1 2024/2025',3.5145,'NOT_STARTED',NULL,'brown@university.edu'),
  ('S022','Bachelor of Mathematics',400,'SEM1 2024/2025',3.2453,'NOT_STARTED',NULL,'brown@university.edu'),
  ('S023','Bachelor of Engineering',300,'SEM2 2023/2024',2.3506,'NOT_STARTED',NULL,'brown@university.edu'),
  ('S024','Bachelor of Science (Physics)',200,'SEM1 2024/2025',1.8887,'IN_PROGRESS','Phase 1: Attend all remedial sessions and complete outstanding assessments.\nPhase 2: Re-sit failed examinations under advisor supervision.','brown@university.edu'),
  ('S025','Bachelor of Statistics',300,'SEM2 2023/2024',3.8930,'NOT_STARTED',NULL,'brown@university.edu'),
  ('S026','Bachelor of Engineering',100,'SEM1 2024/2025',2.3415,'NOT_STARTED',NULL,'brown@university.edu'),
  ('S027','Bachelor of Mathematics',200,'SEM1 2024/2025',1.7319,'IN_PROGRESS','Phase 1: Attend all remedial sessions and complete outstanding assessments.\nPhase 2: Re-sit failed examinations under advisor supervision.','brown@university.edu'),
  ('S028','Bachelor of Mathematics',200,'SEM1 2024/2025',1.7418,'IN_PROGRESS','Phase 1: Attend all remedial sessions and complete outstanding assessments.\nPhase 2: Re-sit failed examinations under advisor supervision.','brown@university.edu'),
  ('S029','Bachelor of Arts (Literature)',400,'SEM1 2024/2025',3.6187,'NOT_STARTED',NULL,'brown@university.edu'),
  ('S030','Bachelor of Arts (Philosophy)',200,'SEM1 2024/2025',3.0093,'NOT_STARTED',NULL,'brown@university.edu'),
  ('S031','Bachelor of Arts (Philosophy)',300,'SEM2 2023/2024',3.5178,'NOT_STARTED',NULL,'brown@university.edu'),
  ('S032','Bachelor of Arts (History)',400,'SEM1 2024/2025',3.3243,'NOT_STARTED',NULL,'brown@university.edu'),
  ('S033','Bachelor of Economics',400,'SEM1 2024/2025',2.8406,'NOT_STARTED',NULL,'brown@university.edu'),
  ('S034','Bachelor of Mathematics',300,'SEM2 2023/2024',3.9328,'NOT_STARTED',NULL,'brown@university.edu'),
  ('S035','Bachelor of Engineering',100,'SEM1 2024/2025',2.4463,'NOT_STARTED',NULL,'brown@university.edu'),
  ('S036','Bachelor of Arts (History)',400,'SEM1 2024/2025',2.8801,'NOT_STARTED',NULL,'brown@university.edu'),
  ('S037','Bachelor of Computer Science',300,'SEM2 2023/2024',3.5735,'NOT_STARTED',NULL,'brown@university.edu'),
  ('S038','Bachelor of Arts (Philosophy)',200,'SEM1 2024/2025',3.0463,'NOT_STARTED',NULL,'brown@university.edu'),
  ('S039','Bachelor of Arts (Philosophy)',100,'SEM1 2024/2025',3.6543,'NOT_STARTED',NULL,'brown@university.edu'),
  ('S040','Bachelor of Science (Biology)',200,'SEM1 2024/2025',2.9434,'NOT_STARTED',NULL,'brown@university.edu'),
  ('S041','Bachelor of Science (Physics)',100,'SEM1 2024/2025',3.2614,'NOT_STARTED',NULL,'brown@university.edu'),
  ('S042','Bachelor of Arts (Literature)',400,'SEM1 2024/2025',1.6146,'IN_PROGRESS','Phase 1: Attend all remedial sessions and complete outstanding assessments.\nPhase 2: Re-sit failed examinations under advisor supervision.','brown@university.edu'),
  ('S043','Bachelor of Economics',300,'SEM2 2023/2024',2.0697,'NOT_STARTED',NULL,'brown@university.edu'),
  ('S044','Bachelor of Economics',300,'SEM2 2023/2024',2.2235,'NOT_STARTED',NULL,'brown@university.edu'),
  ('S045','Bachelor of Economics',100,'SEM1 2024/2025',1.6995,'IN_PROGRESS','Phase 1: Attend all remedial sessions and complete outstanding assessments.\nPhase 2: Re-sit failed examinations under advisor supervision.','brown@university.edu'),
  ('S046','Bachelor of Statistics',300,'SEM2 2023/2024',2.0820,'NOT_STARTED',NULL,'brown@university.edu'),
  ('S047','Bachelor of Science (Physics)',300,'SEM2 2023/2024',1.7525,'IN_PROGRESS','Phase 1: Attend all remedial sessions and complete outstanding assessments.\nPhase 2: Re-sit failed examinations under advisor supervision.','brown@university.edu'),
  ('S048','Bachelor of Statistics',100,'SEM1 2024/2025',2.1949,'NOT_STARTED',NULL,'brown@university.edu'),
  ('S049','Bachelor of Science (Physics)',200,'SEM1 2024/2025',3.0892,'NOT_STARTED',NULL,'brown@university.edu'),
  ('S050','Bachelor of Economics',400,'SEM1 2024/2025',2.4121,'NOT_STARTED',NULL,'brown@university.edu'),
  ('S051','Bachelor of Engineering',200,'SEM1 2024/2025',2.4255,'NOT_STARTED',NULL,'brown@university.edu'),
  ('S052','Bachelor of Statistics',200,'SEM1 2024/2025',2.0238,'NOT_STARTED',NULL,'brown@university.edu'),
  ('S053','Bachelor of Statistics',100,'SEM1 2024/2025',2.1674,'NOT_STARTED',NULL,'brown@university.edu'),
  ('S054','Bachelor of Arts (History)',300,'SEM2 2023/2024',3.8416,'NOT_STARTED',NULL,'brown@university.edu'),
  ('S055','Bachelor of Mathematics',300,'SEM2 2023/2024',3.1201,'NOT_STARTED',NULL,'brown@university.edu'),
  ('S056','Bachelor of Science (Physics)',400,'SEM1 2024/2025',3.0228,'NOT_STARTED',NULL,'brown@university.edu'),
  ('S057','Bachelor of Statistics',100,'SEM1 2024/2025',1.9278,'IN_PROGRESS','Phase 1: Attend all remedial sessions and complete outstanding assessments.\nPhase 2: Re-sit failed examinations under advisor supervision.','brown@university.edu'),
  ('S058','Bachelor of Arts (Literature)',400,'SEM1 2024/2025',3.3228,'NOT_STARTED',NULL,'brown@university.edu'),
  ('S059','Bachelor of Science (Physics)',400,'SEM1 2024/2025',1.9085,'IN_PROGRESS','Phase 1: Attend all remedial sessions and complete outstanding assessments.\nPhase 2: Re-sit failed examinations under advisor supervision.','brown@university.edu'),
  ('S060','Bachelor of Science (Physics)',200,'SEM1 2024/2025',2.4486,'NOT_STARTED',NULL,'brown@university.edu'),
  ('S061','Bachelor of Arts (Philosophy)',200,'SEM1 2024/2025',3.9738,'NOT_STARTED',NULL,'brown@university.edu'),
  ('S062','Bachelor of Arts (Literature)',400,'SEM1 2024/2025',3.1000,'NOT_STARTED',NULL,'brown@university.edu'),
  ('S063','Bachelor of Economics',400,'SEM1 2024/2025',2.8924,'NOT_STARTED',NULL,'brown@university.edu'),
  ('S064','Bachelor of Engineering',100,'SEM1 2024/2025',3.2115,'NOT_STARTED',NULL,'brown@university.edu'),
  ('S065','Bachelor of Arts (Philosophy)',200,'SEM1 2024/2025',3.6071,'NOT_STARTED',NULL,'brown@university.edu'),
  ('S066','Bachelor of Economics',100,'SEM1 2024/2025',3.4400,'NOT_STARTED',NULL,'brown@university.edu'),
  ('S067','Bachelor of Statistics',100,'SEM1 2024/2025',2.0726,'NOT_STARTED',NULL,'brown@university.edu'),
  ('S068','Bachelor of Arts (Literature)',200,'SEM1 2024/2025',1.5803,'IN_PROGRESS','Phase 1: Attend all remedial sessions and complete outstanding assessments.\nPhase 2: Re-sit failed examinations under advisor supervision.','brown@university.edu'),
  ('S069','Bachelor of Arts (Philosophy)',400,'SEM1 2024/2025',2.2886,'NOT_STARTED',NULL,'brown@university.edu'),
  ('S070','Bachelor of Science (Physics)',200,'SEM1 2024/2025',2.1694,'NOT_STARTED',NULL,'brown@university.edu'),
  ('S071','Bachelor of Science (Biology)',300,'SEM2 2023/2024',2.0275,'NOT_STARTED',NULL,'brown@university.edu'),
  ('S072','Bachelor of Science (Biology)',200,'SEM1 2024/2025',3.8573,'NOT_STARTED',NULL,'brown@university.edu'),
  ('S073','Bachelor of Computer Science',200,'SEM1 2024/2025',3.6909,'NOT_STARTED',NULL,'brown@university.edu'),
  ('S074','Bachelor of Economics',100,'SEM1 2024/2025',2.2867,'NOT_STARTED',NULL,'brown@university.edu'),
  ('S075','Bachelor of Arts (History)',400,'SEM1 2024/2025',3.1386,'NOT_STARTED',NULL,'brown@university.edu'),
  ('S076','Bachelor of Arts (Philosophy)',400,'SEM1 2024/2025',2.4891,'NOT_STARTED',NULL,'brown@university.edu'),
  ('S077','Bachelor of Science (Biology)',400,'SEM1 2024/2025',3.7864,'NOT_STARTED',NULL,'brown@university.edu'),
  ('S078','Bachelor of Science (Physics)',200,'SEM1 2024/2025',2.6471,'NOT_STARTED',NULL,'brown@university.edu'),
  ('S079','Bachelor of Engineering',100,'SEM1 2024/2025',2.1622,'NOT_STARTED',NULL,'brown@university.edu'),
  ('S080','Bachelor of Arts (Literature)',200,'SEM1 2024/2025',2.1166,'NOT_STARTED',NULL,'brown@university.edu'),
  ('S081','Bachelor of Statistics',400,'SEM1 2024/2025',2.9034,'NOT_STARTED',NULL,'brown@university.edu'),
  ('S082','Bachelor of Economics',300,'SEM2 2023/2024',2.1569,'NOT_STARTED',NULL,'brown@university.edu'),
  ('S083','Bachelor of Economics',400,'SEM1 2024/2025',2.9615,'NOT_STARTED',NULL,'brown@university.edu'),
  ('S084','Bachelor of Engineering',200,'SEM1 2024/2025',3.7446,'NOT_STARTED',NULL,'brown@university.edu'),
  ('S085','Bachelor of Arts (History)',400,'SEM1 2024/2025',2.4985,'NOT_STARTED',NULL,'brown@university.edu'),
  ('S086','Bachelor of Economics',200,'SEM1 2024/2025',2.0483,'NOT_STARTED',NULL,'brown@university.edu'),
  ('S087','Bachelor of Arts (Literature)',200,'SEM1 2024/2025',3.9938,'NOT_STARTED',NULL,'brown@university.edu'),
  ('S088','Bachelor of Economics',400,'SEM1 2024/2025',2.7738,'NOT_STARTED',NULL,'brown@university.edu'),
  ('S089','Bachelor of Economics',300,'SEM2 2023/2024',1.7273,'IN_PROGRESS','Phase 1: Attend all remedial sessions and complete outstanding assessments.\nPhase 2: Re-sit failed examinations under advisor supervision.','brown@university.edu'),
  ('S090','Bachelor of Engineering',200,'SEM1 2024/2025',1.6178,'IN_PROGRESS','Phase 1: Attend all remedial sessions and complete outstanding assessments.\nPhase 2: Re-sit failed examinations under advisor supervision.','brown@university.edu'),
  ('S091','Bachelor of Science (Biology)',300,'SEM2 2023/2024',1.7741,'IN_PROGRESS','Phase 1: Attend all remedial sessions and complete outstanding assessments.\nPhase 2: Re-sit failed examinations under advisor supervision.','brown@university.edu'),
  ('S092','Bachelor of Economics',100,'SEM1 2024/2025',3.0686,'NOT_STARTED',NULL,'brown@university.edu'),
  ('S093','Bachelor of Statistics',100,'SEM1 2024/2025',3.4802,'NOT_STARTED',NULL,'brown@university.edu'),
  ('S094','Bachelor of Arts (Literature)',400,'SEM1 2024/2025',2.5554,'NOT_STARTED',NULL,'brown@university.edu'),
  ('S095','Bachelor of Arts (Literature)',100,'SEM1 2024/2025',1.6588,'IN_PROGRESS','Phase 1: Attend all remedial sessions and complete outstanding assessments.\nPhase 2: Re-sit failed examinations under advisor supervision.','brown@university.edu'),
  ('S096','Bachelor of Computer Science',200,'SEM1 2024/2025',2.4540,'NOT_STARTED',NULL,'brown@university.edu'),
  ('S097','Bachelor of Arts (History)',200,'SEM1 2024/2025',3.9903,'NOT_STARTED',NULL,'brown@university.edu'),
  ('S098','Bachelor of Arts (Literature)',100,'SEM1 2024/2025',2.8228,'NOT_STARTED',NULL,'brown@university.edu'),
  ('S099','Bachelor of Mathematics',200,'SEM1 2024/2025',3.9277,'NOT_STARTED',NULL,'brown@university.edu'),
  ('S100','Bachelor of Statistics',200,'SEM1 2024/2025',3.6519,'NOT_STARTED',NULL,'brown@university.edu');

-- ── course_results
INSERT INTO course_results (student_id,course_code,course_title,credit_hours,grade,grade_point,semester,academic_year) VALUES
  ('S001','C149','English Composition',2,'A-',3.7,'SEM1 2024/2025',2024),
  ('S001','C126','Cybersecurity',2,'A-',3.7,'SEM1 2024/2025',2024),
  ('S001','C177','Statistics',2,'C',2.0,'SEM1 2024/2025',2024),
  ('S001','C123','Operating Systems',2,'A',4.0,'SEM1 2024/2025',2024),
  ('S001','C130','History',4,'B+',3.3,'SEM1 2024/2025',2024),
  ('S002','C168','Networking',4,'D',1.0,'SEM1 2024/2025',2024),
  ('S002','C188','Literature',4,'B',3.0,'SEM1 2024/2025',2024),
  ('S002','C190','Statistics',2,'C',2.0,'SEM1 2024/2025',2024),
  ('S002','C169','Computer Science',4,'B',3.0,'SEM1 2024/2025',2024),
  ('S002','C112','English Composition',2,'C+',2.3,'SEM1 2024/2025',2024),
  ('S003','C188','Literature',4,'A-',3.7,'SEM1 2024/2025',2024),
  ('S003','C128','Mathematics',2,'C',2.0,'SEM1 2024/2025',2024),
  ('S003','C120','Machine Learning',3,'B-',2.7,'SEM1 2024/2025',2024),
  ('S003','C160','English Composition',3,'B+',3.3,'SEM1 2024/2025',2024),
  ('S003','C185','Data Structures',4,'A',4.0,'SEM1 2024/2025',2024),
  ('S004','C161','History',2,'B+',3.3,'SEM1 2024/2025',2024),
  ('S004','C141','English Composition',4,'B-',2.7,'SEM1 2024/2025',2024),
  ('S004','C152','Computer Science',2,'A',4.0,'SEM1 2024/2025',2024),
  ('S004','C106','Artificial Intelligence',4,'B',3.0,'SEM1 2024/2025',2024),
  ('S005','C147','Philosophy',4,'F',0.0,'SEM1 2024/2025',2024),
  ('S005','C169','Computer Science',4,'B',3.0,'SEM1 2024/2025',2024),
  ('S005','C111','Database Systems',2,'D',1.0,'SEM1 2024/2025',2024),
  ('S005','C160','English Composition',3,'A',4.0,'SEM1 2024/2025',2024),
  ('S006','C117','Cybersecurity',2,'D',1.0,'SEM1 2024/2025',2024),
  ('S006','C128','Mathematics',2,'F',0.0,'SEM1 2024/2025',2024),
  ('S006','C192','Cybersecurity',4,'B+',3.3,'SEM1 2024/2025',2024),
  ('S006','C121','Computer Science',3,'F',0.0,'SEM1 2024/2025',2024),
  ('S006','C196','Computer Science',2,'B+',3.3,'SEM1 2024/2025',2024),
  ('S007','C115','Cybersecurity',3,'C',2.0,'SEM1 2024/2025',2024),
  ('S007','C103','Biology',2,'A-',3.7,'SEM1 2024/2025',2024),
  ('S007','C122','Mathematics',4,'C',2.0,'SEM1 2024/2025',2024),
  ('S007','C161','History',2,'A-',3.7,'SEM1 2024/2025',2024),
  ('S008','C140','Philosophy',4,'C+',2.3,'SEM1 2024/2025',2024),
  ('S008','C180','Software Engineering',4,'B+',3.3,'SEM1 2024/2025',2024),
  ('S008','C101','Algorithms',4,'F',0.0,'SEM1 2024/2025',2024),
  ('S008','C149','English Composition',2,'C',2.0,'SEM1 2024/2025',2024),
  ('S009','C108','Literature',3,'B-',2.7,'SEM2 2023/2024',2024),
  ('S009','C182','Statistics',4,'C',2.0,'SEM2 2023/2024',2024),
  ('S009','C128','Mathematics',2,'B+',3.3,'SEM2 2023/2024',2024),
  ('S009','C157','Operating Systems',2,'C+',2.3,'SEM2 2023/2024',2024),
  ('S010','C108','Literature',3,'B+',3.3,'SEM1 2024/2025',2024),
  ('S010','C117','Cybersecurity',2,'F',0.0,'SEM1 2024/2025',2024),
  ('S010','C195','Philosophy',4,'C',2.0,'SEM1 2024/2025',2024),
  ('S010','C192','Cybersecurity',4,'A-',3.7,'SEM1 2024/2025',2024),
  ('S010','C177','Statistics',2,'A-',3.7,'SEM1 2024/2025',2024),
  ('S011','C119','Philosophy',4,'B+',3.3,'SEM2 2023/2024',2024),
  ('S011','C138','Cybersecurity',3,'B',3.0,'SEM2 2023/2024',2024),
  ('S011','C123','Operating Systems',2,'C+',2.3,'SEM2 2023/2024',2024),
  ('S011','C153','Data Structures',3,'D',1.0,'SEM2 2023/2024',2024),
  ('S012','C133','Physics',3,'A-',3.7,'SEM1 2024/2025',2024);

INSERT INTO course_results (student_id,course_code,course_title,credit_hours,grade,grade_point,semester,academic_year) VALUES
  ('S012','C116','Operating Systems',3,'F',0.0,'SEM1 2024/2025',2024),
  ('S012','C147','Philosophy',4,'B-',2.7,'SEM1 2024/2025',2024),
  ('S012','C124','Mathematics',3,'A',4.0,'SEM1 2024/2025',2024),
  ('S013','C144','Mathematics',3,'C+',2.3,'SEM2 2023/2024',2024),
  ('S013','C128','Mathematics',2,'C',2.0,'SEM2 2023/2024',2024),
  ('S013','C149','English Composition',2,'C',2.0,'SEM2 2023/2024',2024),
  ('S013','C152','Computer Science',2,'C',2.0,'SEM2 2023/2024',2024),
  ('S014','C169','Computer Science',4,'C',2.0,'SEM1 2024/2025',2024),
  ('S014','C112','English Composition',2,'D',1.0,'SEM1 2024/2025',2024),
  ('S014','C124','Mathematics',3,'B',3.0,'SEM1 2024/2025',2024),
  ('S014','C105','Operating Systems',2,'B-',2.7,'SEM1 2024/2025',2024),
  ('S014','C148','English Composition',2,'B',3.0,'SEM1 2024/2025',2024),
  ('S015','C114','Software Engineering',4,'B',3.0,'SEM1 2024/2025',2024),
  ('S015','C189','Data Structures',3,'C',2.0,'SEM1 2024/2025',2024),
  ('S015','C193','Artificial Intelligence',4,'B-',2.7,'SEM1 2024/2025',2024),
  ('S015','C141','English Composition',4,'D',1.0,'SEM1 2024/2025',2024),
  ('S015','C128','Mathematics',2,'A-',3.7,'SEM1 2024/2025',2024),
  ('S016','C154','Networking',4,'C+',2.3,'SEM1 2024/2025',2024),
  ('S016','C133','Physics',3,'D',1.0,'SEM1 2024/2025',2024),
  ('S016','C109','Software Engineering',2,'F',0.0,'SEM1 2024/2025',2024),
  ('S016','C165','Artificial Intelligence',4,'B+',3.3,'SEM1 2024/2025',2024),
  ('S016','C138','Cybersecurity',3,'B-',2.7,'SEM1 2024/2025',2024),
  ('S017','C138','Cybersecurity',3,'B-',2.7,'SEM1 2024/2025',2024),
  ('S017','C153','Data Structures',3,'C',2.0,'SEM1 2024/2025',2024),
  ('S017','C185','Data Structures',4,'D',1.0,'SEM1 2024/2025',2024),
  ('S017','C179','English Composition',3,'B',3.0,'SEM1 2024/2025',2024),
  ('S017','C121','Computer Science',3,'C',2.0,'SEM1 2024/2025',2024),
  ('S018','C126','Cybersecurity',2,'B-',2.7,'SEM2 2023/2024',2024),
  ('S018','C145','Cybersecurity',4,'B',3.0,'SEM2 2023/2024',2024),
  ('S018','C101','Algorithms',4,'B+',3.3,'SEM2 2023/2024',2024),
  ('S018','C186','Machine Learning',4,'B-',2.7,'SEM2 2023/2024',2024),
  ('S018','C146','Cybersecurity',2,'C',2.0,'SEM2 2023/2024',2024),
  ('S019','C153','Data Structures',3,'A',4.0,'SEM2 2023/2024',2024),
  ('S019','C145','Cybersecurity',4,'A-',3.7,'SEM2 2023/2024',2024),
  ('S019','C185','Data Structures',4,'B',3.0,'SEM2 2023/2024',2024),
  ('S019','C152','Computer Science',2,'A',4.0,'SEM2 2023/2024',2024),
  ('S020','C187','Statistics',3,'B',3.0,'SEM2 2023/2024',2024),
  ('S020','C196','Computer Science',2,'B-',2.7,'SEM2 2023/2024',2024),
  ('S020','C122','Mathematics',4,'C',2.0,'SEM2 2023/2024',2024),
  ('S020','C166','History',3,'D',1.0,'SEM2 2023/2024',2024),
  ('S020','C157','Operating Systems',2,'B-',2.7,'SEM2 2023/2024',2024),
  ('S021','C195','Philosophy',4,'A-',3.7,'SEM1 2024/2025',2024),
  ('S021','C103','Biology',2,'F',0.0,'SEM1 2024/2025',2024),
  ('S021','C114','Software Engineering',4,'A',4.0,'SEM1 2024/2025',2024),
  ('S021','C140','Philosophy',4,'A',4.0,'SEM1 2024/2025',2024),
  ('S022','C139','Economics',3,'B-',2.7,'SEM1 2024/2025',2024),
  ('S022','C148','English Composition',2,'B-',2.7,'SEM1 2024/2025',2024),
  ('S022','C172','Chemistry',2,'B+',3.3,'SEM1 2024/2025',2024),
  ('S022','C181','Statistics',3,'A-',3.7,'SEM1 2024/2025',2024),
  ('S022','C191','Software Engineering',3,'C',2.0,'SEM1 2024/2025',2024);

INSERT INTO course_results (student_id,course_code,course_title,credit_hours,grade,grade_point,semester,academic_year) VALUES
  ('S023','C151','Philosophy',2,'D',1.0,'SEM2 2023/2024',2024),
  ('S023','C152','Computer Science',2,'C+',2.3,'SEM2 2023/2024',2024),
  ('S023','C123','Operating Systems',2,'B+',3.3,'SEM2 2023/2024',2024),
  ('S023','C134','Data Structures',4,'B+',3.3,'SEM2 2023/2024',2024),
  ('S024','C189','Data Structures',3,'B+',3.3,'SEM1 2024/2025',2024),
  ('S024','C190','Statistics',2,'C+',2.3,'SEM1 2024/2025',2024),
  ('S024','C150','Literature',4,'B-',2.7,'SEM1 2024/2025',2024),
  ('S024','C154','Networking',4,'B',3.0,'SEM1 2024/2025',2024),
  ('S024','C172','Chemistry',2,'B-',2.7,'SEM1 2024/2025',2024),
  ('S025','C174','Computer Science',3,'D',1.0,'SEM2 2023/2024',2024),
  ('S025','C190','Statistics',2,'B+',3.3,'SEM2 2023/2024',2024),
  ('S025','C149','English Composition',2,'A-',3.7,'SEM2 2023/2024',2024),
  ('S025','C124','Mathematics',3,'B',3.0,'SEM2 2023/2024',2024),
  ('S025','C162','Philosophy',3,'D',1.0,'SEM2 2023/2024',2024),
  ('S026','C115','Cybersecurity',3,'C+',2.3,'SEM1 2024/2025',2024),
  ('S026','C143','Biology',4,'A',4.0,'SEM1 2024/2025',2024),
  ('S026','C164','English Composition',2,'F',0.0,'SEM1 2024/2025',2024),
  ('S026','C110','Literature',3,'F',0.0,'SEM1 2024/2025',2024),
  ('S027','C182','Statistics',4,'B-',2.7,'SEM1 2024/2025',2024),
  ('S027','C102','Artificial Intelligence',2,'B+',3.3,'SEM1 2024/2025',2024),
  ('S027','C175','Physics',2,'B+',3.3,'SEM1 2024/2025',2024),
  ('S027','C141','English Composition',4,'A',4.0,'SEM1 2024/2025',2024),
  ('S027','C153','Data Structures',3,'C',2.0,'SEM1 2024/2025',2024),
  ('S028','C107','English Composition',4,'F',0.0,'SEM1 2024/2025',2024),
  ('S028','C144','Mathematics',3,'B-',2.7,'SEM1 2024/2025',2024),
  ('S028','C166','History',3,'B+',3.3,'SEM1 2024/2025',2024),
  ('S028','C130','History',4,'D',1.0,'SEM1 2024/2025',2024),
  ('S029','C190','Statistics',2,'C',2.0,'SEM1 2024/2025',2024),
  ('S029','C200','Physics',3,'A-',3.7,'SEM1 2024/2025',2024),
  ('S029','C154','Networking',4,'A',4.0,'SEM1 2024/2025',2024),
  ('S029','C130','History',4,'B',3.0,'SEM1 2024/2025',2024),
  ('S030','C135','Biology',2,'A-',3.7,'SEM1 2024/2025',2024),
  ('S030','C136','Artificial Intelligence',4,'F',0.0,'SEM1 2024/2025',2024),
  ('S030','C185','Data Structures',4,'B',3.0,'SEM1 2024/2025',2024),
  ('S030','C147','Philosophy',4,'F',0.0,'SEM1 2024/2025',2024),
  ('S031','C190','Statistics',2,'A-',3.7,'SEM2 2023/2024',2024),
  ('S031','C146','Cybersecurity',2,'A-',3.7,'SEM2 2023/2024',2024),
  ('S031','C184','Database Systems',3,'B+',3.3,'SEM2 2023/2024',2024),
  ('S031','C169','Computer Science',4,'B+',3.3,'SEM2 2023/2024',2024),
  ('S032','C170','Statistics',4,'B-',2.7,'SEM1 2024/2025',2024),
  ('S032','C112','English Composition',2,'C+',2.3,'SEM1 2024/2025',2024),
  ('S032','C105','Operating Systems',2,'B',3.0,'SEM1 2024/2025',2024),
  ('S032','C198','English Composition',3,'A-',3.7,'SEM1 2024/2025',2024),
  ('S033','C192','Cybersecurity',4,'B-',2.7,'SEM1 2024/2025',2024),
  ('S033','C130','History',4,'A-',3.7,'SEM1 2024/2025',2024),
  ('S033','C179','English Composition',3,'B+',3.3,'SEM1 2024/2025',2024),
  ('S033','C178','English Composition',2,'C',2.0,'SEM1 2024/2025',2024),
  ('S033','C198','English Composition',3,'A',4.0,'SEM1 2024/2025',2024),
  ('S034','C181','Statistics',3,'A-',3.7,'SEM2 2023/2024',2024),
  ('S034','C156','Economics',3,'B+',3.3,'SEM2 2023/2024',2024);

INSERT INTO course_results (student_id,course_code,course_title,credit_hours,grade,grade_point,semester,academic_year) VALUES
  ('S034','C125','Mathematics',2,'D',1.0,'SEM2 2023/2024',2024),
  ('S034','C140','Philosophy',4,'A',4.0,'SEM2 2023/2024',2024),
  ('S034','C123','Operating Systems',2,'B',3.0,'SEM2 2023/2024',2024),
  ('S035','C188','Literature',4,'F',0.0,'SEM1 2024/2025',2024),
  ('S035','C113','Data Structures',4,'A-',3.7,'SEM1 2024/2025',2024),
  ('S035','C131','Cybersecurity',4,'B+',3.3,'SEM1 2024/2025',2024),
  ('S035','C173','Computer Science',2,'B+',3.3,'SEM1 2024/2025',2024),
  ('S035','C157','Operating Systems',2,'D',1.0,'SEM1 2024/2025',2024),
  ('S036','C133','Physics',3,'B',3.0,'SEM1 2024/2025',2024),
  ('S036','C141','English Composition',4,'A',4.0,'SEM1 2024/2025',2024),
  ('S036','C176','Economics',2,'B+',3.3,'SEM1 2024/2025',2024),
  ('S036','C106','Artificial Intelligence',4,'A-',3.7,'SEM1 2024/2025',2024),
  ('S036','C175','Physics',2,'A-',3.7,'SEM1 2024/2025',2024),
  ('S037','C137','Algorithms',3,'D',1.0,'SEM2 2023/2024',2024),
  ('S037','C172','Chemistry',2,'C',2.0,'SEM2 2023/2024',2024),
  ('S037','C138','Cybersecurity',3,'A-',3.7,'SEM2 2023/2024',2024),
  ('S037','C116','Operating Systems',3,'A',4.0,'SEM2 2023/2024',2024),
  ('S038','C121','Computer Science',3,'C+',2.3,'SEM1 2024/2025',2024),
  ('S038','C178','English Composition',2,'A',4.0,'SEM1 2024/2025',2024),
  ('S038','C188','Literature',4,'C',2.0,'SEM1 2024/2025',2024),
  ('S038','C141','English Composition',4,'B-',2.7,'SEM1 2024/2025',2024),
  ('S038','C143','Biology',4,'B',3.0,'SEM1 2024/2025',2024),
  ('S039','C189','Data Structures',3,'B-',2.7,'SEM1 2024/2025',2024),
  ('S039','C187','Statistics',3,'C',2.0,'SEM1 2024/2025',2024),
  ('S039','C103','Biology',2,'C',2.0,'SEM1 2024/2025',2024),
  ('S039','C198','English Composition',3,'F',0.0,'SEM1 2024/2025',2024),
  ('S040','C123','Operating Systems',2,'B',3.0,'SEM1 2024/2025',2024),
  ('S040','C168','Networking',4,'B',3.0,'SEM1 2024/2025',2024),
  ('S040','C153','Data Structures',3,'B-',2.7,'SEM1 2024/2025',2024),
  ('S040','C107','English Composition',4,'B+',3.3,'SEM1 2024/2025',2024),
  ('S041','C156','Economics',3,'B',3.0,'SEM1 2024/2025',2024),
  ('S041','C101','Algorithms',4,'B+',3.3,'SEM1 2024/2025',2024),
  ('S041','C173','Computer Science',2,'B+',3.3,'SEM1 2024/2025',2024),
  ('S041','C104','Chemistry',3,'B-',2.7,'SEM1 2024/2025',2024),
  ('S042','C133','Physics',3,'B',3.0,'SEM1 2024/2025',2024),
  ('S042','C124','Mathematics',3,'A-',3.7,'SEM1 2024/2025',2024),
  ('S042','C175','Physics',2,'A',4.0,'SEM1 2024/2025',2024),
  ('S042','C198','English Composition',3,'C+',2.3,'SEM1 2024/2025',2024),
  ('S043','C165','Artificial Intelligence',4,'B+',3.3,'SEM2 2023/2024',2024),
  ('S043','C151','Philosophy',2,'B',3.0,'SEM2 2023/2024',2024),
  ('S043','C158','Computer Science',3,'C+',2.3,'SEM2 2023/2024',2024),
  ('S043','C110','Literature',3,'C',2.0,'SEM2 2023/2024',2024),
  ('S044','C162','Philosophy',3,'B+',3.3,'SEM2 2023/2024',2024),
  ('S044','C179','English Composition',3,'B',3.0,'SEM2 2023/2024',2024),
  ('S044','C112','English Composition',2,'D',1.0,'SEM2 2023/2024',2024),
  ('S044','C148','English Composition',2,'B',3.0,'SEM2 2023/2024',2024),
  ('S045','C156','Economics',3,'B+',3.3,'SEM1 2024/2025',2024),
  ('S045','C179','English Composition',3,'D',1.0,'SEM1 2024/2025',2024),
  ('S045','C126','Cybersecurity',2,'B',3.0,'SEM1 2024/2025',2024),
  ('S045','C123','Operating Systems',2,'B+',3.3,'SEM1 2024/2025',2024);

INSERT INTO course_results (student_id,course_code,course_title,credit_hours,grade,grade_point,semester,academic_year) VALUES
  ('S046','C122','Mathematics',4,'A-',3.7,'SEM2 2023/2024',2024),
  ('S046','C184','Database Systems',3,'B',3.0,'SEM2 2023/2024',2024),
  ('S046','C167','Software Engineering',3,'B',3.0,'SEM2 2023/2024',2024),
  ('S046','C187','Statistics',3,'B',3.0,'SEM2 2023/2024',2024),
  ('S046','C165','Artificial Intelligence',4,'C',2.0,'SEM2 2023/2024',2024),
  ('S047','C168','Networking',4,'C+',2.3,'SEM2 2023/2024',2024),
  ('S047','C172','Chemistry',2,'C+',2.3,'SEM2 2023/2024',2024),
  ('S047','C110','Literature',3,'D',1.0,'SEM2 2023/2024',2024),
  ('S047','C131','Cybersecurity',4,'B',3.0,'SEM2 2023/2024',2024),
  ('S047','C133','Physics',3,'A-',3.7,'SEM2 2023/2024',2024),
  ('S048','C105','Operating Systems',2,'B',3.0,'SEM1 2024/2025',2024),
  ('S048','C156','Economics',3,'A',4.0,'SEM1 2024/2025',2024),
  ('S048','C108','Literature',3,'B-',2.7,'SEM1 2024/2025',2024),
  ('S048','C141','English Composition',4,'B+',3.3,'SEM1 2024/2025',2024),
  ('S049','C186','Machine Learning',4,'B-',2.7,'SEM1 2024/2025',2024),
  ('S049','C133','Physics',3,'B',3.0,'SEM1 2024/2025',2024),
  ('S049','C102','Artificial Intelligence',2,'C+',2.3,'SEM1 2024/2025',2024),
  ('S049','C174','Computer Science',3,'A-',3.7,'SEM1 2024/2025',2024),
  ('S049','C168','Networking',4,'B+',3.3,'SEM1 2024/2025',2024),
  ('S050','C150','Literature',4,'B+',3.3,'SEM1 2024/2025',2024),
  ('S050','C119','Philosophy',4,'A-',3.7,'SEM1 2024/2025',2024),
  ('S050','C190','Statistics',2,'B',3.0,'SEM1 2024/2025',2024),
  ('S050','C140','Philosophy',4,'A',4.0,'SEM1 2024/2025',2024),
  ('S050','C168','Networking',4,'A',4.0,'SEM1 2024/2025',2024),
  ('S051','C130','History',4,'A',4.0,'SEM1 2024/2025',2024),
  ('S051','C119','Philosophy',4,'C+',2.3,'SEM1 2024/2025',2024),
  ('S051','C178','English Composition',2,'C+',2.3,'SEM1 2024/2025',2024),
  ('S051','C111','Database Systems',2,'C',2.0,'SEM1 2024/2025',2024),
  ('S051','C149','English Composition',2,'B',3.0,'SEM1 2024/2025',2024),
  ('S052','C200','Physics',3,'B+',3.3,'SEM1 2024/2025',2024),
  ('S052','C110','Literature',3,'B',3.0,'SEM1 2024/2025',2024),
  ('S052','C103','Biology',2,'B',3.0,'SEM1 2024/2025',2024),
  ('S052','C104','Chemistry',3,'C+',2.3,'SEM1 2024/2025',2024),
  ('S053','C198','English Composition',3,'A-',3.7,'SEM1 2024/2025',2024),
  ('S053','C110','Literature',3,'C',2.0,'SEM1 2024/2025',2024),
  ('S053','C183','English Composition',4,'A-',3.7,'SEM1 2024/2025',2024),
  ('S053','C101','Algorithms',4,'C+',2.3,'SEM1 2024/2025',2024),
  ('S053','C156','Economics',3,'D',1.0,'SEM1 2024/2025',2024),
  ('S054','C172','Chemistry',2,'C+',2.3,'SEM2 2023/2024',2024),
  ('S054','C149','English Composition',2,'C+',2.3,'SEM2 2023/2024',2024),
  ('S054','C199','Networking',3,'A-',3.7,'SEM2 2023/2024',2024),
  ('S054','C183','English Composition',4,'B-',2.7,'SEM2 2023/2024',2024),
  ('S054','C134','Data Structures',4,'B',3.0,'SEM2 2023/2024',2024),
  ('S055','C105','Operating Systems',2,'A-',3.7,'SEM2 2023/2024',2024),
  ('S055','C129','Software Engineering',4,'B-',2.7,'SEM2 2023/2024',2024),
  ('S055','C135','Biology',2,'B-',2.7,'SEM2 2023/2024',2024),
  ('S055','C142','Networking',3,'B',3.0,'SEM2 2023/2024',2024),
  ('S056','C157','Operating Systems',2,'B-',2.7,'SEM1 2024/2025',2024),
  ('S056','C186','Machine Learning',4,'C+',2.3,'SEM1 2024/2025',2024),
  ('S056','C167','Software Engineering',3,'B+',3.3,'SEM1 2024/2025',2024);

INSERT INTO course_results (student_id,course_code,course_title,credit_hours,grade,grade_point,semester,academic_year) VALUES
  ('S056','C103','Biology',2,'A',4.0,'SEM1 2024/2025',2024),
  ('S057','C116','Operating Systems',3,'D',1.0,'SEM1 2024/2025',2024),
  ('S057','C195','Philosophy',4,'C',2.0,'SEM1 2024/2025',2024),
  ('S057','C103','Biology',2,'C+',2.3,'SEM1 2024/2025',2024),
  ('S057','C137','Algorithms',3,'F',0.0,'SEM1 2024/2025',2024),
  ('S057','C164','English Composition',2,'B',3.0,'SEM1 2024/2025',2024),
  ('S058','C137','Algorithms',3,'A',4.0,'SEM1 2024/2025',2024),
  ('S058','C151','Philosophy',2,'B-',2.7,'SEM1 2024/2025',2024),
  ('S058','C200','Physics',3,'B+',3.3,'SEM1 2024/2025',2024),
  ('S058','C127','History',4,'B',3.0,'SEM1 2024/2025',2024),
  ('S059','C144','Mathematics',3,'A',4.0,'SEM1 2024/2025',2024),
  ('S059','C177','Statistics',2,'B-',2.7,'SEM1 2024/2025',2024),
  ('S059','C111','Database Systems',2,'A',4.0,'SEM1 2024/2025',2024),
  ('S059','C190','Statistics',2,'C+',2.3,'SEM1 2024/2025',2024),
  ('S059','C103','Biology',2,'A-',3.7,'SEM1 2024/2025',2024),
  ('S060','C125','Mathematics',2,'A',4.0,'SEM1 2024/2025',2024),
  ('S060','C155','Operating Systems',3,'A',4.0,'SEM1 2024/2025',2024),
  ('S060','C185','Data Structures',4,'A-',3.7,'SEM1 2024/2025',2024),
  ('S060','C176','Economics',2,'C+',2.3,'SEM1 2024/2025',2024),
  ('S060','C175','Physics',2,'B',3.0,'SEM1 2024/2025',2024),
  ('S061','C186','Machine Learning',4,'C',2.0,'SEM1 2024/2025',2024),
  ('S061','C182','Statistics',4,'B-',2.7,'SEM1 2024/2025',2024),
  ('S061','C114','Software Engineering',4,'B+',3.3,'SEM1 2024/2025',2024),
  ('S061','C102','Artificial Intelligence',2,'B+',3.3,'SEM1 2024/2025',2024),
  ('S062','C123','Operating Systems',2,'C',2.0,'SEM1 2024/2025',2024),
  ('S062','C191','Software Engineering',3,'A-',3.7,'SEM1 2024/2025',2024),
  ('S062','C154','Networking',4,'C',2.0,'SEM1 2024/2025',2024),
  ('S062','C114','Software Engineering',4,'B',3.0,'SEM1 2024/2025',2024),
  ('S062','C140','Philosophy',4,'B',3.0,'SEM1 2024/2025',2024),
  ('S063','C110','Literature',3,'B+',3.3,'SEM1 2024/2025',2024),
  ('S063','C135','Biology',2,'C',2.0,'SEM1 2024/2025',2024),
  ('S063','C168','Networking',4,'C+',2.3,'SEM1 2024/2025',2024),
  ('S063','C139','Economics',3,'A-',3.7,'SEM1 2024/2025',2024),
  ('S064','C194','Data Structures',3,'A-',3.7,'SEM1 2024/2025',2024),
  ('S064','C116','Operating Systems',3,'B-',2.7,'SEM1 2024/2025',2024),
  ('S064','C105','Operating Systems',2,'D',1.0,'SEM1 2024/2025',2024),
  ('S064','C196','Computer Science',2,'C',2.0,'SEM1 2024/2025',2024),
  ('S064','C178','English Composition',2,'B+',3.3,'SEM1 2024/2025',2024),
  ('S065','C177','Statistics',2,'B-',2.7,'SEM1 2024/2025',2024),
  ('S065','C162','Philosophy',3,'D',1.0,'SEM1 2024/2025',2024),
  ('S065','C128','Mathematics',2,'B-',2.7,'SEM1 2024/2025',2024),
  ('S065','C199','Networking',3,'F',0.0,'SEM1 2024/2025',2024),
  ('S065','C165','Artificial Intelligence',4,'B-',2.7,'SEM1 2024/2025',2024),
  ('S066','C159','Literature',3,'C+',2.3,'SEM1 2024/2025',2024),
  ('S066','C137','Algorithms',3,'F',0.0,'SEM1 2024/2025',2024),
  ('S066','C120','Machine Learning',3,'B+',3.3,'SEM1 2024/2025',2024),
  ('S066','C125','Mathematics',2,'F',0.0,'SEM1 2024/2025',2024),
  ('S067','C179','English Composition',3,'A-',3.7,'SEM1 2024/2025',2024),
  ('S067','C146','Cybersecurity',2,'B',3.0,'SEM1 2024/2025',2024),
  ('S067','C178','English Composition',2,'F',0.0,'SEM1 2024/2025',2024);

INSERT INTO course_results (student_id,course_code,course_title,credit_hours,grade,grade_point,semester,academic_year) VALUES
  ('S067','C167','Software Engineering',3,'C',2.0,'SEM1 2024/2025',2024),
  ('S068','C174','Computer Science',3,'C',2.0,'SEM1 2024/2025',2024),
  ('S068','C101','Algorithms',4,'A-',3.7,'SEM1 2024/2025',2024),
  ('S068','C144','Mathematics',3,'A',4.0,'SEM1 2024/2025',2024),
  ('S068','C193','Artificial Intelligence',4,'C',2.0,'SEM1 2024/2025',2024),
  ('S069','C155','Operating Systems',3,'A',4.0,'SEM1 2024/2025',2024),
  ('S069','C159','Literature',3,'A-',3.7,'SEM1 2024/2025',2024),
  ('S069','C114','Software Engineering',4,'C',2.0,'SEM1 2024/2025',2024),
  ('S069','C111','Database Systems',2,'A',4.0,'SEM1 2024/2025',2024),
  ('S070','C139','Economics',3,'B-',2.7,'SEM1 2024/2025',2024),
  ('S070','C125','Mathematics',2,'B-',2.7,'SEM1 2024/2025',2024),
  ('S070','C115','Cybersecurity',3,'B+',3.3,'SEM1 2024/2025',2024),
  ('S070','C119','Philosophy',4,'F',0.0,'SEM1 2024/2025',2024),
  ('S071','C112','English Composition',2,'A',4.0,'SEM2 2023/2024',2024),
  ('S071','C179','English Composition',3,'B',3.0,'SEM2 2023/2024',2024),
  ('S071','C115','Cybersecurity',3,'B-',2.7,'SEM2 2023/2024',2024),
  ('S071','C142','Networking',3,'C',2.0,'SEM2 2023/2024',2024),
  ('S072','C165','Artificial Intelligence',4,'D',1.0,'SEM1 2024/2025',2024),
  ('S072','C106','Artificial Intelligence',4,'F',0.0,'SEM1 2024/2025',2024),
  ('S072','C157','Operating Systems',2,'C+',2.3,'SEM1 2024/2025',2024),
  ('S072','C184','Database Systems',3,'B',3.0,'SEM1 2024/2025',2024),
  ('S072','C133','Physics',3,'C+',2.3,'SEM1 2024/2025',2024),
  ('S073','C106','Artificial Intelligence',4,'B',3.0,'SEM1 2024/2025',2024),
  ('S073','C190','Statistics',2,'B',3.0,'SEM1 2024/2025',2024),
  ('S073','C142','Networking',3,'F',0.0,'SEM1 2024/2025',2024),
  ('S073','C171','Cybersecurity',4,'C',2.0,'SEM1 2024/2025',2024),
  ('S074','C121','Computer Science',3,'F',0.0,'SEM1 2024/2025',2024),
  ('S074','C178','English Composition',2,'F',0.0,'SEM1 2024/2025',2024),
  ('S074','C145','Cybersecurity',4,'B-',2.7,'SEM1 2024/2025',2024),
  ('S074','C172','Chemistry',2,'A',4.0,'SEM1 2024/2025',2024),
  ('S074','C123','Operating Systems',2,'A',4.0,'SEM1 2024/2025',2024),
  ('S075','C120','Machine Learning',3,'B-',2.7,'SEM1 2024/2025',2024),
  ('S075','C117','Cybersecurity',2,'B+',3.3,'SEM1 2024/2025',2024),
  ('S075','C156','Economics',3,'C+',2.3,'SEM1 2024/2025',2024),
  ('S075','C106','Artificial Intelligence',4,'B-',2.7,'SEM1 2024/2025',2024),
  ('S075','C109','Software Engineering',2,'B+',3.3,'SEM1 2024/2025',2024),
  ('S076','C123','Operating Systems',2,'C+',2.3,'SEM1 2024/2025',2024),
  ('S076','C171','Cybersecurity',4,'A',4.0,'SEM1 2024/2025',2024),
  ('S076','C143','Biology',4,'C+',2.3,'SEM1 2024/2025',2024),
  ('S076','C189','Data Structures',3,'B-',2.7,'SEM1 2024/2025',2024),
  ('S076','C199','Networking',3,'B+',3.3,'SEM1 2024/2025',2024),
  ('S077','C186','Machine Learning',4,'C+',2.3,'SEM1 2024/2025',2024),
  ('S077','C144','Mathematics',3,'A-',3.7,'SEM1 2024/2025',2024),
  ('S077','C155','Operating Systems',3,'A',4.0,'SEM1 2024/2025',2024),
  ('S077','C126','Cybersecurity',2,'A-',3.7,'SEM1 2024/2025',2024),
  ('S078','C161','History',2,'F',0.0,'SEM1 2024/2025',2024),
  ('S078','C151','Philosophy',2,'C',2.0,'SEM1 2024/2025',2024),
  ('S078','C155','Operating Systems',3,'C+',2.3,'SEM1 2024/2025',2024),
  ('S078','C170','Statistics',4,'C',2.0,'SEM1 2024/2025',2024),
  ('S079','C114','Software Engineering',4,'A-',3.7,'SEM1 2024/2025',2024);

INSERT INTO course_results (student_id,course_code,course_title,credit_hours,grade,grade_point,semester,academic_year) VALUES
  ('S079','C127','History',4,'B-',2.7,'SEM1 2024/2025',2024),
  ('S079','C200','Physics',3,'A-',3.7,'SEM1 2024/2025',2024),
  ('S079','C146','Cybersecurity',2,'A',4.0,'SEM1 2024/2025',2024),
  ('S079','C118','Software Engineering',2,'C+',2.3,'SEM1 2024/2025',2024),
  ('S080','C141','English Composition',4,'B-',2.7,'SEM1 2024/2025',2024),
  ('S080','C176','Economics',2,'B-',2.7,'SEM1 2024/2025',2024),
  ('S080','C131','Cybersecurity',4,'C',2.0,'SEM1 2024/2025',2024),
  ('S080','C116','Operating Systems',3,'B+',3.3,'SEM1 2024/2025',2024),
  ('S080','C178','English Composition',2,'B+',3.3,'SEM1 2024/2025',2024),
  ('S081','C137','Algorithms',3,'C',2.0,'SEM1 2024/2025',2024),
  ('S081','C190','Statistics',2,'A',4.0,'SEM1 2024/2025',2024),
  ('S081','C185','Data Structures',4,'B-',2.7,'SEM1 2024/2025',2024),
  ('S081','C199','Networking',3,'B-',2.7,'SEM1 2024/2025',2024),
  ('S082','C119','Philosophy',4,'B+',3.3,'SEM2 2023/2024',2024),
  ('S082','C132','Physics',3,'B-',2.7,'SEM2 2023/2024',2024),
  ('S082','C153','Data Structures',3,'B-',2.7,'SEM2 2023/2024',2024),
  ('S082','C168','Networking',4,'C',2.0,'SEM2 2023/2024',2024),
  ('S082','C171','Cybersecurity',4,'C',2.0,'SEM2 2023/2024',2024),
  ('S083','C145','Cybersecurity',4,'B',3.0,'SEM1 2024/2025',2024),
  ('S083','C104','Chemistry',3,'C+',2.3,'SEM1 2024/2025',2024),
  ('S083','C163','Economics',2,'A',4.0,'SEM1 2024/2025',2024),
  ('S083','C130','History',4,'B',3.0,'SEM1 2024/2025',2024),
  ('S084','C131','Cybersecurity',4,'D',1.0,'SEM1 2024/2025',2024),
  ('S084','C200','Physics',3,'A-',3.7,'SEM1 2024/2025',2024),
  ('S084','C165','Artificial Intelligence',4,'C+',2.3,'SEM1 2024/2025',2024),
  ('S084','C105','Operating Systems',2,'F',0.0,'SEM1 2024/2025',2024),
  ('S084','C117','Cybersecurity',2,'B+',3.3,'SEM1 2024/2025',2024),
  ('S085','C200','Physics',3,'A',4.0,'SEM1 2024/2025',2024),
  ('S085','C195','Philosophy',4,'C',2.0,'SEM1 2024/2025',2024),
  ('S085','C169','Computer Science',4,'A-',3.7,'SEM1 2024/2025',2024),
  ('S085','C106','Artificial Intelligence',4,'C+',2.3,'SEM1 2024/2025',2024),
  ('S085','C109','Software Engineering',2,'C+',2.3,'SEM1 2024/2025',2024),
  ('S086','C158','Computer Science',3,'D',1.0,'SEM1 2024/2025',2024),
  ('S086','C126','Cybersecurity',2,'D',1.0,'SEM1 2024/2025',2024),
  ('S086','C183','English Composition',4,'A',4.0,'SEM1 2024/2025',2024),
  ('S086','C168','Networking',4,'B',3.0,'SEM1 2024/2025',2024),
  ('S087','C178','English Composition',2,'C',2.0,'SEM1 2024/2025',2024),
  ('S087','C129','Software Engineering',4,'B+',3.3,'SEM1 2024/2025',2024),
  ('S087','C120','Machine Learning',3,'B+',3.3,'SEM1 2024/2025',2024),
  ('S087','C182','Statistics',4,'F',0.0,'SEM1 2024/2025',2024),
  ('S088','C137','Algorithms',3,'C',2.0,'SEM1 2024/2025',2024),
  ('S088','C178','English Composition',2,'A',4.0,'SEM1 2024/2025',2024),
  ('S088','C103','Biology',2,'B+',3.3,'SEM1 2024/2025',2024),
  ('S088','C199','Networking',3,'A',4.0,'SEM1 2024/2025',2024),
  ('S088','C193','Artificial Intelligence',4,'C+',2.3,'SEM1 2024/2025',2024),
  ('S089','C188','Literature',4,'C+',2.3,'SEM2 2023/2024',2024),
  ('S089','C132','Physics',3,'D',1.0,'SEM2 2023/2024',2024),
  ('S089','C173','Computer Science',2,'B+',3.3,'SEM2 2023/2024',2024),
  ('S089','C151','Philosophy',2,'B-',2.7,'SEM2 2023/2024',2024),
  ('S090','C190','Statistics',2,'C+',2.3,'SEM1 2024/2025',2024);

INSERT INTO course_results (student_id,course_code,course_title,credit_hours,grade,grade_point,semester,academic_year) VALUES
  ('S090','C120','Machine Learning',3,'F',0.0,'SEM1 2024/2025',2024),
  ('S090','C189','Data Structures',3,'B',3.0,'SEM1 2024/2025',2024),
  ('S090','C105','Operating Systems',2,'C',2.0,'SEM1 2024/2025',2024),
  ('S090','C143','Biology',4,'B-',2.7,'SEM1 2024/2025',2024),
  ('S091','C166','History',3,'C',2.0,'SEM2 2023/2024',2024),
  ('S091','C133','Physics',3,'C',2.0,'SEM2 2023/2024',2024),
  ('S091','C162','Philosophy',3,'B-',2.7,'SEM2 2023/2024',2024),
  ('S091','C111','Database Systems',2,'B-',2.7,'SEM2 2023/2024',2024),
  ('S092','C101','Algorithms',4,'B-',2.7,'SEM1 2024/2025',2024),
  ('S092','C172','Chemistry',2,'B',3.0,'SEM1 2024/2025',2024),
  ('S092','C123','Operating Systems',2,'B+',3.3,'SEM1 2024/2025',2024),
  ('S092','C199','Networking',3,'A',4.0,'SEM1 2024/2025',2024),
  ('S092','C104','Chemistry',3,'B+',3.3,'SEM1 2024/2025',2024),
  ('S093','C139','Economics',3,'C+',2.3,'SEM1 2024/2025',2024),
  ('S093','C133','Physics',3,'C',2.0,'SEM1 2024/2025',2024),
  ('S093','C142','Networking',3,'B+',3.3,'SEM1 2024/2025',2024),
  ('S093','C151','Philosophy',2,'B-',2.7,'SEM1 2024/2025',2024),
  ('S094','C122','Mathematics',4,'B',3.0,'SEM1 2024/2025',2024),
  ('S094','C101','Algorithms',4,'B+',3.3,'SEM1 2024/2025',2024),
  ('S094','C120','Machine Learning',3,'C+',2.3,'SEM1 2024/2025',2024),
  ('S094','C171','Cybersecurity',4,'C',2.0,'SEM1 2024/2025',2024),
  ('S094','C160','English Composition',3,'B',3.0,'SEM1 2024/2025',2024),
  ('S095','C194','Data Structures',3,'B+',3.3,'SEM1 2024/2025',2024),
  ('S095','C181','Statistics',3,'F',0.0,'SEM1 2024/2025',2024),
  ('S095','C123','Operating Systems',2,'A',4.0,'SEM1 2024/2025',2024),
  ('S095','C142','Networking',3,'F',0.0,'SEM1 2024/2025',2024),
  ('S095','C173','Computer Science',2,'C',2.0,'SEM1 2024/2025',2024),
  ('S096','C160','English Composition',3,'C',2.0,'SEM1 2024/2025',2024),
  ('S096','C128','Mathematics',2,'C+',2.3,'SEM1 2024/2025',2024),
  ('S096','C165','Artificial Intelligence',4,'C',2.0,'SEM1 2024/2025',2024),
  ('S096','C116','Operating Systems',3,'F',0.0,'SEM1 2024/2025',2024),
  ('S097','C143','Biology',4,'B',3.0,'SEM1 2024/2025',2024),
  ('S097','C128','Mathematics',2,'B',3.0,'SEM1 2024/2025',2024),
  ('S097','C191','Software Engineering',3,'C',2.0,'SEM1 2024/2025',2024),
  ('S097','C109','Software Engineering',2,'B+',3.3,'SEM1 2024/2025',2024),
  ('S097','C112','English Composition',2,'B',3.0,'SEM1 2024/2025',2024),
  ('S098','C130','History',4,'A',4.0,'SEM1 2024/2025',2024),
  ('S098','C144','Mathematics',3,'A-',3.7,'SEM1 2024/2025',2024),
  ('S098','C111','Database Systems',2,'D',1.0,'SEM1 2024/2025',2024),
  ('S098','C124','Mathematics',3,'C',2.0,'SEM1 2024/2025',2024),
  ('S098','C108','Literature',3,'B',3.0,'SEM1 2024/2025',2024),
  ('S099','C157','Operating Systems',2,'F',0.0,'SEM1 2024/2025',2024),
  ('S099','C144','Mathematics',3,'C',2.0,'SEM1 2024/2025',2024),
  ('S099','C165','Artificial Intelligence',4,'C',2.0,'SEM1 2024/2025',2024),
  ('S099','C101','Algorithms',4,'C+',2.3,'SEM1 2024/2025',2024),
  ('S099','C124','Mathematics',3,'B-',2.7,'SEM1 2024/2025',2024),
  ('S100','C180','Software Engineering',4,'C+',2.3,'SEM1 2024/2025',2024),
  ('S100','C119','Philosophy',4,'B+',3.3,'SEM1 2024/2025',2024),
  ('S100','C162','Philosophy',3,'D',1.0,'SEM1 2024/2025',2024),
  ('S100','C173','Computer Science',2,'D',1.0,'SEM1 2024/2025',2024);

-- ── enrollment_log
INSERT INTO enrollment_log (student_id, decision, cgpa_at_check, failed_courses, new_level, new_semester, notes) VALUES
  ('S001','ENROLLED',3.0986,0,400,2,'Auto-enrolled after eligibility check.'),
  ('S002','INELIGIBLE',1.5625,NULL,NULL,NULL,'CGPA below 2.0 threshold — recovery plan initiated.'),
  ('S003','ENROLLED',2.1876,0,400,2,'Auto-enrolled after eligibility check.'),
  ('S004','ENROLLED',2.0580,0,400,2,'Auto-enrolled after eligibility check.'),
  ('S005','ENROLLED',3.3412,0,200,2,'Auto-enrolled after eligibility check.'),
  ('S006','ENROLLED',3.1917,0,100,2,'Auto-enrolled after eligibility check.'),
  ('S007','ENROLLED',3.7304,0,200,2,'Auto-enrolled after eligibility check.'),
  ('S008','INELIGIBLE',1.7173,NULL,NULL,NULL,'CGPA below 2.0 threshold — recovery plan initiated.'),
  ('S009','ENROLLED',2.5548,0,300,2,'Auto-enrolled after eligibility check.'),
  ('S010','INELIGIBLE',1.5745,NULL,NULL,NULL,'CGPA below 2.0 threshold — recovery plan initiated.'),
  ('S011','ENROLLED',2.0466,0,300,2,'Auto-enrolled after eligibility check.'),
  ('S012','ENROLLED',2.7634,0,200,2,'Auto-enrolled after eligibility check.'),
  ('S013','INELIGIBLE',1.5663,NULL,NULL,NULL,'CGPA below 2.0 threshold — recovery plan initiated.'),
  ('S014','INELIGIBLE',1.9971,NULL,NULL,NULL,'CGPA below 2.0 threshold — recovery plan initiated.'),
  ('S015','ENROLLED',3.1247,0,100,2,'Auto-enrolled after eligibility check.'),
  ('S016','ENROLLED',2.8624,0,200,2,'Auto-enrolled after eligibility check.'),
  ('S017','ENROLLED',2.0511,0,200,2,'Auto-enrolled after eligibility check.'),
  ('S018','ENROLLED',2.9732,0,300,2,'Auto-enrolled after eligibility check.'),
  ('S019','ENROLLED',3.5236,0,300,2,'Auto-enrolled after eligibility check.'),
  ('S020','INELIGIBLE',1.5162,NULL,NULL,NULL,'CGPA below 2.0 threshold — recovery plan initiated.'),
  ('S021','ENROLLED',3.5145,0,100,2,'Auto-enrolled after eligibility check.'),
  ('S022','ENROLLED',3.2453,0,400,2,'Auto-enrolled after eligibility check.'),
  ('S023','ENROLLED',2.3506,0,300,2,'Auto-enrolled after eligibility check.'),
  ('S024','INELIGIBLE',1.8887,NULL,NULL,NULL,'CGPA below 2.0 threshold — recovery plan initiated.'),
  ('S025','ENROLLED',3.8930,0,300,2,'Auto-enrolled after eligibility check.'),
  ('S026','ENROLLED',2.3415,0,100,2,'Auto-enrolled after eligibility check.'),
  ('S027','INELIGIBLE',1.7319,NULL,NULL,NULL,'CGPA below 2.0 threshold — recovery plan initiated.'),
  ('S028','INELIGIBLE',1.7418,NULL,NULL,NULL,'CGPA below 2.0 threshold — recovery plan initiated.'),
  ('S029','ENROLLED',3.6187,0,400,2,'Auto-enrolled after eligibility check.'),
  ('S030','ENROLLED',3.0093,0,200,2,'Auto-enrolled after eligibility check.'),
  ('S031','ENROLLED',3.5178,0,300,2,'Auto-enrolled after eligibility check.'),
  ('S032','ENROLLED',3.3243,0,400,2,'Auto-enrolled after eligibility check.'),
  ('S033','ENROLLED',2.8406,0,400,2,'Auto-enrolled after eligibility check.'),
  ('S034','ENROLLED',3.9328,0,300,2,'Auto-enrolled after eligibility check.'),
  ('S035','ENROLLED',2.4463,0,100,2,'Auto-enrolled after eligibility check.'),
  ('S036','ENROLLED',2.8801,0,400,2,'Auto-enrolled after eligibility check.'),
  ('S037','ENROLLED',3.5735,0,300,2,'Auto-enrolled after eligibility check.'),
  ('S038','ENROLLED',3.0463,0,200,2,'Auto-enrolled after eligibility check.'),
  ('S039','ENROLLED',3.6543,0,100,2,'Auto-enrolled after eligibility check.'),
  ('S040','ENROLLED',2.9434,0,200,2,'Auto-enrolled after eligibility check.'),
  ('S041','ENROLLED',3.2614,0,100,2,'Auto-enrolled after eligibility check.'),
  ('S042','INELIGIBLE',1.6146,NULL,NULL,NULL,'CGPA below 2.0 threshold — recovery plan initiated.'),
  ('S043','ENROLLED',2.0697,0,300,2,'Auto-enrolled after eligibility check.'),
  ('S044','ENROLLED',2.2235,0,300,2,'Auto-enrolled after eligibility check.'),
  ('S045','INELIGIBLE',1.6995,NULL,NULL,NULL,'CGPA below 2.0 threshold — recovery plan initiated.'),
  ('S046','ENROLLED',2.0820,0,300,2,'Auto-enrolled after eligibility check.'),
  ('S047','INELIGIBLE',1.7525,NULL,NULL,NULL,'CGPA below 2.0 threshold — recovery plan initiated.'),
  ('S048','ENROLLED',2.1949,0,100,2,'Auto-enrolled after eligibility check.'),
  ('S049','ENROLLED',3.0892,0,200,2,'Auto-enrolled after eligibility check.'),
  ('S050','ENROLLED',2.4121,0,400,2,'Auto-enrolled after eligibility check.'),
  ('S051','ENROLLED',2.4255,0,200,2,'Auto-enrolled after eligibility check.'),
  ('S052','ENROLLED',2.0238,0,200,2,'Auto-enrolled after eligibility check.'),
  ('S053','ENROLLED',2.1674,0,100,2,'Auto-enrolled after eligibility check.'),
  ('S054','ENROLLED',3.8416,0,300,2,'Auto-enrolled after eligibility check.'),
  ('S055','ENROLLED',3.1201,0,300,2,'Auto-enrolled after eligibility check.'),
  ('S056','ENROLLED',3.0228,0,400,2,'Auto-enrolled after eligibility check.'),
  ('S057','INELIGIBLE',1.9278,NULL,NULL,NULL,'CGPA below 2.0 threshold — recovery plan initiated.'),
  ('S058','ENROLLED',3.3228,0,400,2,'Auto-enrolled after eligibility check.'),
  ('S059','INELIGIBLE',1.9085,NULL,NULL,NULL,'CGPA below 2.0 threshold — recovery plan initiated.'),
  ('S060','ENROLLED',2.4486,0,200,2,'Auto-enrolled after eligibility check.'),
  ('S061','ENROLLED',3.9738,0,200,2,'Auto-enrolled after eligibility check.'),
  ('S062','ENROLLED',3.1000,0,400,2,'Auto-enrolled after eligibility check.'),
  ('S063','ENROLLED',2.8924,0,400,2,'Auto-enrolled after eligibility check.'),
  ('S064','ENROLLED',3.2115,0,100,2,'Auto-enrolled after eligibility check.'),
  ('S065','ENROLLED',3.6071,0,200,2,'Auto-enrolled after eligibility check.'),
  ('S066','ENROLLED',3.4400,0,100,2,'Auto-enrolled after eligibility check.'),
  ('S067','ENROLLED',2.0726,0,100,2,'Auto-enrolled after eligibility check.'),
  ('S068','INELIGIBLE',1.5803,NULL,NULL,NULL,'CGPA below 2.0 threshold — recovery plan initiated.'),
  ('S069','ENROLLED',2.2886,0,400,2,'Auto-enrolled after eligibility check.'),
  ('S070','ENROLLED',2.1694,0,200,2,'Auto-enrolled after eligibility check.'),
  ('S071','ENROLLED',2.0275,0,300,2,'Auto-enrolled after eligibility check.'),
  ('S072','ENROLLED',3.8573,0,200,2,'Auto-enrolled after eligibility check.'),
  ('S073','ENROLLED',3.6909,0,200,2,'Auto-enrolled after eligibility check.'),
  ('S074','ENROLLED',2.2867,0,100,2,'Auto-enrolled after eligibility check.'),
  ('S075','ENROLLED',3.1386,0,400,2,'Auto-enrolled after eligibility check.'),
  ('S076','ENROLLED',2.4891,0,400,2,'Auto-enrolled after eligibility check.'),
  ('S077','ENROLLED',3.7864,0,400,2,'Auto-enrolled after eligibility check.'),
  ('S078','ENROLLED',2.6471,0,200,2,'Auto-enrolled after eligibility check.'),
  ('S079','ENROLLED',2.1622,0,100,2,'Auto-enrolled after eligibility check.'),
  ('S080','ENROLLED',2.1166,0,200,2,'Auto-enrolled after eligibility check.'),
  ('S081','ENROLLED',2.9034,0,400,2,'Auto-enrolled after eligibility check.'),
  ('S082','ENROLLED',2.1569,0,300,2,'Auto-enrolled after eligibility check.'),
  ('S083','ENROLLED',2.9615,0,400,2,'Auto-enrolled after eligibility check.'),
  ('S084','ENROLLED',3.7446,0,200,2,'Auto-enrolled after eligibility check.'),
  ('S085','ENROLLED',2.4985,0,400,2,'Auto-enrolled after eligibility check.'),
  ('S086','ENROLLED',2.0483,0,200,2,'Auto-enrolled after eligibility check.'),
  ('S087','ENROLLED',3.9938,0,200,2,'Auto-enrolled after eligibility check.'),
  ('S088','ENROLLED',2.7738,0,400,2,'Auto-enrolled after eligibility check.'),
  ('S089','INELIGIBLE',1.7273,NULL,NULL,NULL,'CGPA below 2.0 threshold — recovery plan initiated.'),
  ('S090','INELIGIBLE',1.6178,NULL,NULL,NULL,'CGPA below 2.0 threshold — recovery plan initiated.'),
  ('S091','INELIGIBLE',1.7741,NULL,NULL,NULL,'CGPA below 2.0 threshold — recovery plan initiated.'),
  ('S092','ENROLLED',3.0686,0,100,2,'Auto-enrolled after eligibility check.'),
  ('S093','ENROLLED',3.4802,0,100,2,'Auto-enrolled after eligibility check.'),
  ('S094','ENROLLED',2.5554,0,400,2,'Auto-enrolled after eligibility check.'),
  ('S095','INELIGIBLE',1.6588,NULL,NULL,NULL,'CGPA below 2.0 threshold — recovery plan initiated.'),
  ('S096','ENROLLED',2.4540,0,200,2,'Auto-enrolled after eligibility check.'),
  ('S097','ENROLLED',3.9903,0,200,2,'Auto-enrolled after eligibility check.'),
  ('S098','ENROLLED',2.8228,0,100,2,'Auto-enrolled after eligibility check.'),
  ('S099','ENROLLED',3.9277,0,200,2,'Auto-enrolled after eligibility check.'),
  ('S100','ENROLLED',3.6519,0,200,2,'Auto-enrolled after eligibility check.');

-- ── email_records
INSERT INTO email_records (id, recipient_email, email_type, subject, delivery_status) VALUES
  ('a1b2c3d4-0001-0000-0000-000000000001','fiona.smith@university.edu','ACCOUNT_CREATED','[CRS] Welcome to the Course Recovery System','SENT'),
  ('a1b2c3d4-0002-0000-0000-000000000001','george.wilson@university.edu','ACCOUNT_CREATED','[CRS] Welcome to the Course Recovery System','SENT'),
  ('a1b2c3d4-0003-0000-0000-000000000001','ivan.wilson@university.edu','ACCOUNT_CREATED','[CRS] Welcome to the Course Recovery System','SENT'),
  ('a1b2c3d4-0004-0000-0000-000000000001','ivan.chen@university.edu','ACCOUNT_CREATED','[CRS] Welcome to the Course Recovery System','SENT'),
  ('a1b2c3d4-0005-0000-0000-000000000001','bob.smith@university.edu','ACCOUNT_CREATED','[CRS] Welcome to the Course Recovery System','SENT'),
  ('a1b2c3d4-0006-0000-0000-000000000001','quinn.chen@university.edu','ACCOUNT_CREATED','[CRS] Welcome to the Course Recovery System','SENT'),
  ('a1b2c3d4-0007-0000-0000-000000000001','oscar.smith@university.edu','ACCOUNT_CREATED','[CRS] Welcome to the Course Recovery System','SENT'),
  ('a1b2c3d4-0008-0000-0000-000000000001','bob.chen@university.edu','ACCOUNT_CREATED','[CRS] Welcome to the Course Recovery System','SENT'),
  ('a1b2c3d4-0009-0000-0000-000000000001','rachel.davis@university.edu','ACCOUNT_CREATED','[CRS] Welcome to the Course Recovery System','SENT'),
  ('a1b2c3d4-0010-0000-0000-000000000001','charlie.miller@university.edu','ACCOUNT_CREATED','[CRS] Welcome to the Course Recovery System','SENT'),
  ('a1b2c3d4-0011-0000-0000-000000000001','charlie.brown@university.edu','ACCOUNT_CREATED','[CRS] Welcome to the Course Recovery System','SENT'),
  ('a1b2c3d4-0012-0000-0000-000000000001','quinn.chen@university.edu','ACCOUNT_CREATED','[CRS] Welcome to the Course Recovery System','SENT'),
  ('a1b2c3d4-0013-0000-0000-000000000001','ivan.lee@university.edu','ACCOUNT_CREATED','[CRS] Welcome to the Course Recovery System','SENT'),
  ('a1b2c3d4-0014-0000-0000-000000000001','diana.brown@university.edu','ACCOUNT_CREATED','[CRS] Welcome to the Course Recovery System','SENT'),
  ('a1b2c3d4-0015-0000-0000-000000000001','alice.wilson@university.edu','ACCOUNT_CREATED','[CRS] Welcome to the Course Recovery System','SENT'),
  ('a1b2c3d4-0016-0000-0000-000000000001','bob.smith@university.edu','ACCOUNT_CREATED','[CRS] Welcome to the Course Recovery System','SENT'),
  ('a1b2c3d4-0017-0000-0000-000000000001','alice.johnson@university.edu','ACCOUNT_CREATED','[CRS] Welcome to the Course Recovery System','SENT'),
  ('a1b2c3d4-0018-0000-0000-000000000001','julia.davis@university.edu','ACCOUNT_CREATED','[CRS] Welcome to the Course Recovery System','SENT'),
  ('a1b2c3d4-0019-0000-0000-000000000001','nina.miller@university.edu','ACCOUNT_CREATED','[CRS] Welcome to the Course Recovery System','SENT'),
  ('a1b2c3d4-0020-0000-0000-000000000001','rachel.miller@university.edu','ACCOUNT_CREATED','[CRS] Welcome to the Course Recovery System','SENT'),
  ('a1b2c3d4-0021-0000-0000-000000000001','rachel.miller@university.edu','ACCOUNT_CREATED','[CRS] Welcome to the Course Recovery System','SENT'),
  ('a1b2c3d4-0022-0000-0000-000000000001','ivan.smith@university.edu','ACCOUNT_CREATED','[CRS] Welcome to the Course Recovery System','SENT'),
  ('a1b2c3d4-0023-0000-0000-000000000001','nina.taylor@university.edu','ACCOUNT_CREATED','[CRS] Welcome to the Course Recovery System','SENT'),
  ('a1b2c3d4-0024-0000-0000-000000000001','quinn.brown@university.edu','ACCOUNT_CREATED','[CRS] Welcome to the Course Recovery System','SENT'),
  ('a1b2c3d4-0025-0000-0000-000000000001','paula.taylor@university.edu','ACCOUNT_CREATED','[CRS] Welcome to the Course Recovery System','SENT'),
  ('a1b2c3d4-0026-0000-0000-000000000001','fiona.lee@university.edu','ACCOUNT_CREATED','[CRS] Welcome to the Course Recovery System','SENT'),
  ('a1b2c3d4-0027-0000-0000-000000000001','michael.wilson@university.edu','ACCOUNT_CREATED','[CRS] Welcome to the Course Recovery System','SENT'),
  ('a1b2c3d4-0028-0000-0000-000000000001','laura.lee@university.edu','ACCOUNT_CREATED','[CRS] Welcome to the Course Recovery System','SENT'),
  ('a1b2c3d4-0029-0000-0000-000000000001','tina.kumar@university.edu','ACCOUNT_CREATED','[CRS] Welcome to the Course Recovery System','SENT'),
  ('a1b2c3d4-0030-0000-0000-000000000001','quinn.wilson@university.edu','ACCOUNT_CREATED','[CRS] Welcome to the Course Recovery System','SENT'),
  ('a1b2c3d4-0031-0000-0000-000000000001','alice.brown@university.edu','ACCOUNT_CREATED','[CRS] Welcome to the Course Recovery System','SENT'),
  ('a1b2c3d4-0032-0000-0000-000000000001','paula.kumar@university.edu','ACCOUNT_CREATED','[CRS] Welcome to the Course Recovery System','SENT'),
  ('a1b2c3d4-0033-0000-0000-000000000001','fiona.chen@university.edu','ACCOUNT_CREATED','[CRS] Welcome to the Course Recovery System','SENT'),
  ('a1b2c3d4-0034-0000-0000-000000000001','rachel.taylor@university.edu','ACCOUNT_CREATED','[CRS] Welcome to the Course Recovery System','SENT'),
  ('a1b2c3d4-0035-0000-0000-000000000001','quinn.brown@university.edu','ACCOUNT_CREATED','[CRS] Welcome to the Course Recovery System','SENT'),
  ('a1b2c3d4-0036-0000-0000-000000000001','paula.miller@university.edu','ACCOUNT_CREATED','[CRS] Welcome to the Course Recovery System','SENT'),
  ('a1b2c3d4-0037-0000-0000-000000000001','sam.chen@university.edu','ACCOUNT_CREATED','[CRS] Welcome to the Course Recovery System','SENT'),
  ('a1b2c3d4-0038-0000-0000-000000000001','bob.chen@university.edu','ACCOUNT_CREATED','[CRS] Welcome to the Course Recovery System','SENT'),
  ('a1b2c3d4-0039-0000-0000-000000000001','rachel.miller@university.edu','ACCOUNT_CREATED','[CRS] Welcome to the Course Recovery System','SENT'),
  ('a1b2c3d4-0040-0000-0000-000000000001','quinn.smith@university.edu','ACCOUNT_CREATED','[CRS] Welcome to the Course Recovery System','SENT'),
  ('a1b2c3d4-0041-0000-0000-000000000001','diana.chen@university.edu','ACCOUNT_CREATED','[CRS] Welcome to the Course Recovery System','SENT'),
  ('a1b2c3d4-0042-0000-0000-000000000001','alice.smith@university.edu','ACCOUNT_CREATED','[CRS] Welcome to the Course Recovery System','SENT'),
  ('a1b2c3d4-0043-0000-0000-000000000001','ivan.chen@university.edu','ACCOUNT_CREATED','[CRS] Welcome to the Course Recovery System','SENT'),
  ('a1b2c3d4-0044-0000-0000-000000000001','tina.miller@university.edu','ACCOUNT_CREATED','[CRS] Welcome to the Course Recovery System','SENT'),
  ('a1b2c3d4-0045-0000-0000-000000000001','diana.taylor@university.edu','ACCOUNT_CREATED','[CRS] Welcome to the Course Recovery System','SENT'),
  ('a1b2c3d4-0046-0000-0000-000000000001','ethan.lee@university.edu','ACCOUNT_CREATED','[CRS] Welcome to the Course Recovery System','SENT'),
  ('a1b2c3d4-0047-0000-0000-000000000001','bob.lee@university.edu','ACCOUNT_CREATED','[CRS] Welcome to the Course Recovery System','SENT'),
  ('a1b2c3d4-0048-0000-0000-000000000001','bob.smith@university.edu','ACCOUNT_CREATED','[CRS] Welcome to the Course Recovery System','SENT'),
  ('a1b2c3d4-0049-0000-0000-000000000001','alice.kumar@university.edu','ACCOUNT_CREATED','[CRS] Welcome to the Course Recovery System','SENT'),
  ('a1b2c3d4-0050-0000-0000-000000000001','ethan.lee@university.edu','ACCOUNT_CREATED','[CRS] Welcome to the Course Recovery System','SENT'),
  ('a1b2c3d4-0051-0000-0000-000000000001','fiona.kumar@university.edu','ACCOUNT_CREATED','[CRS] Welcome to the Course Recovery System','SENT'),
  ('a1b2c3d4-0052-0000-0000-000000000001','nina.miller@university.edu','ACCOUNT_CREATED','[CRS] Welcome to the Course Recovery System','SENT'),
  ('a1b2c3d4-0053-0000-0000-000000000001','george.smith@university.edu','ACCOUNT_CREATED','[CRS] Welcome to the Course Recovery System','SENT'),
  ('a1b2c3d4-0054-0000-0000-000000000001','rachel.smith@university.edu','ACCOUNT_CREATED','[CRS] Welcome to the Course Recovery System','SENT'),
  ('a1b2c3d4-0055-0000-0000-000000000001','ivan.lee@university.edu','ACCOUNT_CREATED','[CRS] Welcome to the Course Recovery System','SENT'),
  ('a1b2c3d4-0056-0000-0000-000000000001','michael.chen@university.edu','ACCOUNT_CREATED','[CRS] Welcome to the Course Recovery System','SENT'),
  ('a1b2c3d4-0057-0000-0000-000000000001','fiona.davis@university.edu','ACCOUNT_CREATED','[CRS] Welcome to the Course Recovery System','SENT'),
  ('a1b2c3d4-0058-0000-0000-000000000001','ivan.smith@university.edu','ACCOUNT_CREATED','[CRS] Welcome to the Course Recovery System','SENT'),
  ('a1b2c3d4-0059-0000-0000-000000000001','oscar.lee@university.edu','ACCOUNT_CREATED','[CRS] Welcome to the Course Recovery System','SENT'),
  ('a1b2c3d4-0060-0000-0000-000000000001','diana.wilson@university.edu','ACCOUNT_CREATED','[CRS] Welcome to the Course Recovery System','SENT'),
  ('a1b2c3d4-0061-0000-0000-000000000001','kevin.wilson@university.edu','ACCOUNT_CREATED','[CRS] Welcome to the Course Recovery System','SENT'),
  ('a1b2c3d4-0062-0000-0000-000000000001','julia.davis@university.edu','ACCOUNT_CREATED','[CRS] Welcome to the Course Recovery System','SENT'),
  ('a1b2c3d4-0063-0000-0000-000000000001','bob.taylor@university.edu','ACCOUNT_CREATED','[CRS] Welcome to the Course Recovery System','SENT'),
  ('a1b2c3d4-0064-0000-0000-000000000001','kevin.lee@university.edu','ACCOUNT_CREATED','[CRS] Welcome to the Course Recovery System','SENT'),
  ('a1b2c3d4-0065-0000-0000-000000000001','bob.taylor@university.edu','ACCOUNT_CREATED','[CRS] Welcome to the Course Recovery System','SENT'),
  ('a1b2c3d4-0066-0000-0000-000000000001','michael.johnson@university.edu','ACCOUNT_CREATED','[CRS] Welcome to the Course Recovery System','SENT'),
  ('a1b2c3d4-0067-0000-0000-000000000001','ivan.miller@university.edu','ACCOUNT_CREATED','[CRS] Welcome to the Course Recovery System','SENT'),
  ('a1b2c3d4-0068-0000-0000-000000000001','hannah.kumar@university.edu','ACCOUNT_CREATED','[CRS] Welcome to the Course Recovery System','SENT'),
  ('a1b2c3d4-0069-0000-0000-000000000001','quinn.smith@university.edu','ACCOUNT_CREATED','[CRS] Welcome to the Course Recovery System','SENT'),
  ('a1b2c3d4-0070-0000-0000-000000000001','george.brown@university.edu','ACCOUNT_CREATED','[CRS] Welcome to the Course Recovery System','SENT'),
  ('a1b2c3d4-0071-0000-0000-000000000001','fiona.taylor@university.edu','ACCOUNT_CREATED','[CRS] Welcome to the Course Recovery System','SENT'),
  ('a1b2c3d4-0072-0000-0000-000000000001','michael.taylor@university.edu','ACCOUNT_CREATED','[CRS] Welcome to the Course Recovery System','SENT'),
  ('a1b2c3d4-0073-0000-0000-000000000001','bob.smith@university.edu','ACCOUNT_CREATED','[CRS] Welcome to the Course Recovery System','SENT'),
  ('a1b2c3d4-0074-0000-0000-000000000001','quinn.kumar@university.edu','ACCOUNT_CREATED','[CRS] Welcome to the Course Recovery System','SENT'),
  ('a1b2c3d4-0075-0000-0000-000000000001','diana.lee@university.edu','ACCOUNT_CREATED','[CRS] Welcome to the Course Recovery System','SENT'),
  ('a1b2c3d4-0076-0000-0000-000000000001','diana.wilson@university.edu','ACCOUNT_CREATED','[CRS] Welcome to the Course Recovery System','SENT'),
  ('a1b2c3d4-0077-0000-0000-000000000001','tina.brown@university.edu','ACCOUNT_CREATED','[CRS] Welcome to the Course Recovery System','SENT'),
  ('a1b2c3d4-0078-0000-0000-000000000001','rachel.davis@university.edu','ACCOUNT_CREATED','[CRS] Welcome to the Course Recovery System','SENT'),
  ('a1b2c3d4-0079-0000-0000-000000000001','paula.smith@university.edu','ACCOUNT_CREATED','[CRS] Welcome to the Course Recovery System','SENT'),
  ('a1b2c3d4-0080-0000-0000-000000000001','michael.lee@university.edu','ACCOUNT_CREATED','[CRS] Welcome to the Course Recovery System','SENT'),
  ('a1b2c3d4-0081-0000-0000-000000000001','bob.chen@university.edu','ACCOUNT_CREATED','[CRS] Welcome to the Course Recovery System','SENT'),
  ('a1b2c3d4-0082-0000-0000-000000000001','quinn.kumar@university.edu','ACCOUNT_CREATED','[CRS] Welcome to the Course Recovery System','SENT'),
  ('a1b2c3d4-0083-0000-0000-000000000001','charlie.brown@university.edu','ACCOUNT_CREATED','[CRS] Welcome to the Course Recovery System','SENT'),
  ('a1b2c3d4-0084-0000-0000-000000000001','julia.davis@university.edu','ACCOUNT_CREATED','[CRS] Welcome to the Course Recovery System','SENT'),
  ('a1b2c3d4-0085-0000-0000-000000000001','quinn.lee@university.edu','ACCOUNT_CREATED','[CRS] Welcome to the Course Recovery System','SENT'),
  ('a1b2c3d4-0086-0000-0000-000000000001','laura.taylor@university.edu','ACCOUNT_CREATED','[CRS] Welcome to the Course Recovery System','SENT'),
  ('a1b2c3d4-0087-0000-0000-000000000001','diana.miller@university.edu','ACCOUNT_CREATED','[CRS] Welcome to the Course Recovery System','SENT'),
  ('a1b2c3d4-0088-0000-0000-000000000001','quinn.miller@university.edu','ACCOUNT_CREATED','[CRS] Welcome to the Course Recovery System','SENT'),
  ('a1b2c3d4-0089-0000-0000-000000000001','alice.chen@university.edu','ACCOUNT_CREATED','[CRS] Welcome to the Course Recovery System','SENT'),
  ('a1b2c3d4-0090-0000-0000-000000000001','quinn.lee@university.edu','ACCOUNT_CREATED','[CRS] Welcome to the Course Recovery System','SENT'),
  ('a1b2c3d4-0091-0000-0000-000000000001','rachel.miller@university.edu','ACCOUNT_CREATED','[CRS] Welcome to the Course Recovery System','SENT'),
  ('a1b2c3d4-0092-0000-0000-000000000001','hannah.smith@university.edu','ACCOUNT_CREATED','[CRS] Welcome to the Course Recovery System','SENT'),
  ('a1b2c3d4-0093-0000-0000-000000000001','kevin.brown@university.edu','ACCOUNT_CREATED','[CRS] Welcome to the Course Recovery System','SENT'),
  ('a1b2c3d4-0094-0000-0000-000000000001','sam.chen@university.edu','ACCOUNT_CREATED','[CRS] Welcome to the Course Recovery System','SENT'),
  ('a1b2c3d4-0095-0000-0000-000000000001','tina.smith@university.edu','ACCOUNT_CREATED','[CRS] Welcome to the Course Recovery System','SENT'),
  ('a1b2c3d4-0096-0000-0000-000000000001','laura.kumar@university.edu','ACCOUNT_CREATED','[CRS] Welcome to the Course Recovery System','SENT'),
  ('a1b2c3d4-0097-0000-0000-000000000001','charlie.chen@university.edu','ACCOUNT_CREATED','[CRS] Welcome to the Course Recovery System','SENT'),
  ('a1b2c3d4-0098-0000-0000-000000000001','quinn.johnson@university.edu','ACCOUNT_CREATED','[CRS] Welcome to the Course Recovery System','SENT'),
  ('a1b2c3d4-0099-0000-0000-000000000001','julia.lee@university.edu','ACCOUNT_CREATED','[CRS] Welcome to the Course Recovery System','SENT'),
  ('a1b2c3d4-0100-0000-0000-000000000001','hannah.taylor@university.edu','ACCOUNT_CREATED','[CRS] Welcome to the Course Recovery System','SENT');
